distance_km,days_since_last_donation,is_first_time_donor,age,past_donations,response_rate,avg_response_time_min,is_available_now,label
2.82,853.0,0,38,1,0.687,0.5,0,0
1.43,120.0,0,26,3,0.496,38.4,1,0
5.39,-1.0,1,20,3,0.515,3.3,1,1
14.4,193.0,0,19,4,0.641,2.3,1,1
2.36,317.0,0,39,3,0.532,42.2,0,1
8.85,-1.0,1,23,3,0.26,54.6,1,0
7.49,672.0,0,46,3,0.546,17.8,0,0
3.17,667.0,0,23,7,0.458,6.5,1,0
11.83,-1.0,1,18,1,0.595,30.4,1,1
19.69,186.0,0,18,1,0.632,59.7,1,0
4.03,886.0,0,39,3,0.185,45.1,1,1
0.25,510.0,0,18,3,0.591,64.7,0,0
6.47,725.0,0,45,1,0.412,32.4,0,0
0.53,101.0,0,35,2,0.696,19.9,1,0
1.62,257.0,0,38,5,0.345,12.5,0,0
5.16,416.0,0,37,2,0.535,76.9,0,1
19.88,759.0,0,39,3,0.79,21.1,1,0
8.1,611.0,0,20,4,0.429,10.3,1,1
5.18,-1.0,1,55,2,0.17,18.5,0,0
5.85,-1.0,1,32,5,0.453,0.6,0,0
7.14,336.0,0,28,4,0.369,13.6,1,1
8.51,-1.0,1,29,1,0.8,23.9,1,1
2.82,543.0,0,43,2,0.489,21.4,1,0
3.68,466.0,0,30,3,0.696,46.6,1,0
1.99,-1.0,1,41,4,0.943,10.4,0,1
3.36,662.0,0,27,5,0.489,21.3,1,1
2.08,260.0,0,43,3,0.361,3.1,1,1
0.53,615.0,0,45,2,0.764,35.0,1,1
0.71,416.0,0,47,0,0.367,26.2,0,0
2.02,774.0,0,32,2,0.349,20.2,0,0
3.64,545.0,0,36,2,0.318,5.2,1,1
21.99,886.0,0,18,5,0.082,1.2,1,1
0.98,513.0,0,27,6,0.492,47.4,1,1
5.59,164.0,0,30,3,0.251,47.8,1,1
0.86,-1.0,1,33,4,0.061,10.7,1,1
11.9,851.0,0,45,3,0.577,25.1,1,1
2.54,801.0,0,22,3,0.44,15.4,1,0
0.24,708.0,0,18,2,0.754,5.9,1,1
3.73,659.0,0,28,0,0.815,19.0,1,1
1.88,306.0,0,18,0,0.4,55.3,1,0
0.55,458.0,0,38,3,0.636,11.0,0,0
1.0,181.0,0,37,1,0.434,18.6,1,0
10.19,192.0,0,31,4,0.787,13.9,1,1
2.04,500.0,0,28,2,0.554,115.0,1,0
8.57,514.0,0,39,6,0.515,33.8,1,0
1.35,103.0,0,33,3,0.705,14.5,1,0
4.19,168.0,0,28,5,0.429,39.5,1,0
0.99,244.0,0,32,2,0.666,43.0,1,1
1.56,635.0,0,27,4,0.37,12.8,1,1
0.11,778.0,0,58,5,0.573,68.1,0,1
10.95,-1.0,1,30,5,0.772,12.7,1,1
8.03,377.0,0,38,2,0.776,11.3,1,0
0.97,342.0,0,37,2,0.334,57.1,1,1
8.96,379.0,0,20,4,0.604,7.9,1,1
7.55,574.0,0,31,0,0.506,2.7,0,0
0.63,178.0,0,21,5,0.663,5.8,1,1
13.39,726.0,0,19,2,0.122,20.1,1,1
0.91,774.0,0,31,4,0.878,3.8,0,1
1.91,-1.0,1,35,3,0.677,0.3,1,1
1.16,818.0,0,47,3,0.731,7.0,1,0
2.12,486.0,0,18,4,0.36,10.2,0,0
3.42,181.0,0,49,5,0.256,32.9,0,1
1.72,413.0,0,42,3,0.54,61.8,1,1
21.25,846.0,0,42,5,0.152,29.8,1,0
4.65,700.0,0,33,4,0.616,10.8,0,0
12.41,884.0,0,18,4,0.612,6.7,1,0
1.48,852.0,0,19,2,0.877,6.6,0,1
1.57,115.0,0,48,1,0.207,53.8,0,1
1.0,724.0,0,26,2,0.466,7.7,1,1
4.8,-1.0,1,35,2,0.237,28.7,1,0
5.38,732.0,0,43,3,0.488,50.5,0,0
5.78,664.0,0,40,3,0.439,4.4,0,0
2.03,534.0,0,44,5,0.629,10.5,1,1
2.15,621.0,0,36,1,0.909,90.8,0,0
0.15,-1.0,1,35,4,0.381,28.5,1,1
18.08,91.0,0,38,3,0.331,6.0,1,1
2.76,770.0,0,37,6,0.297,3.1,1,0
3.38,138.0,0,24,3,0.589,8.6,1,1
9.08,-1.0,1,22,2,0.265,0.2,1,1
0.55,281.0,0,21,4,0.24,68.8,1,0
7.41,777.0,0,40,2,0.396,25.8,1,0
0.51,-1.0,1,25,4,0.406,31.8,1,0
22.08,566.0,0,38,1,0.159,33.9,1,0
2.78,888.0,0,18,5,0.57,3.5,0,1
1.19,173.0,0,31,3,0.865,87.2,1,1
2.36,684.0,0,18,1,0.288,7.1,1,1
1.1,106.0,0,28,5,0.777,1.0,1,1
16.3,248.0,0,26,3,0.348,18.1,1,0
0.9,-1.0,1,43,3,0.158,29.5,0,1
6.9,420.0,0,41,1,0.372,26.9,1,0
0.68,573.0,0,31,6,0.454,14.3,0,0
4.72,-1.0,1,21,3,0.456,23.1,1,1
3.74,308.0,0,32,1,0.891,19.1,1,0
10.06,631.0,0,39,2,0.703,7.4,1,1
9.75,460.0,0,41,3,0.333,30.9,1,0
1.78,864.0,0,45,1,0.462,53.9,1,1
5.66,338.0,0,19,5,0.124,33.4,0,0
0.6,-1.0,1,44,2,0.693,29.7,1,1
7.59,606.0,0,35,2,0.636,1.8,1,1
9.67,169.0,0,42,3,0.27,1.6,1,0
1.16,604.0,0,33,1,0.096,65.5,1,0
0.99,892.0,0,32,3,0.61,30.8,1,1
1.83,290.0,0,18,5,0.665,3.1,0,0
12.62,774.0,0,37,1,0.511,92.8,1,1
0.85,768.0,0,31,3,0.706,0.7,1,0
4.78,867.0,0,18,2,0.281,4.1,1,1
3.69,-1.0,1,26,1,0.495,142.8,0,0
2.19,541.0,0,18,3,0.459,36.7,1,0
3.94,-1.0,1,40,2,0.55,15.1,0,0
4.02,90.0,0,43,3,0.453,14.4,1,0
0.24,806.0,0,53,4,0.3,28.5,1,0
7.56,-1.0,1,18,3,0.254,7.7,1,0
20.63,228.0,0,38,2,0.602,1.1,0,1
2.08,880.0,0,46,4,0.838,14.5,1,0
1.65,-1.0,1,34,6,0.279,37.5,1,0
4.73,885.0,0,31,5,0.438,20.8,1,1
6.07,672.0,0,30,0,0.274,5.7,1,1
5.74,126.0,0,43,1,0.709,9.1,0,1
2.76,374.0,0,37,4,0.369,22.2,1,1
0.4,499.0,0,50,5,0.79,30.7,0,0
3.48,-1.0,1,24,1,0.107,25.3,0,0
3.16,747.0,0,43,2,0.162,8.9,0,0
3.37,778.0,0,28,3,0.579,32.7,0,1
5.65,-1.0,1,39,2,0.832,7.2,1,0
3.58,687.0,0,31,0,0.909,57.5,1,1
19.85,480.0,0,18,4,0.314,10.8,1,0
1.53,186.0,0,34,3,0.622,15.3,1,1
17.48,757.0,0,27,3,0.802,38.6,1,1
1.08,261.0,0,33,4,0.607,17.2,1,1
10.36,309.0,0,33,5,0.436,39.4,1,0
14.2,210.0,0,26,3,0.39,13.5,0,1
6.04,105.0,0,30,1,0.387,2.1,0,0
11.72,727.0,0,50,4,0.662,31.1,0,0
1.65,-1.0,1,25,5,0.261,29.0,1,1
10.89,213.0,0,29,4,0.559,38.8,1,0
4.93,-1.0,1,29,4,0.407,8.2,0,1
9.81,-1.0,1,29,4,0.29,0.3,1,1
2.14,655.0,0,18,0,0.392,2.1,1,0
10.68,517.0,0,43,1,0.435,21.2,1,0
8.92,520.0,0,25,6,0.292,26.4,0,0
6.03,-1.0,1,38,2,0.892,8.2,1,1
1.48,-1.0,1,32,1,0.342,67.1,1,0
2.54,430.0,0,24,4,0.707,59.5,0,0
18.61,729.0,0,40,0,0.375,23.1,1,0
2.76,-1.0,1,23,2,0.592,28.4,1,0
14.67,530.0,0,32,4,0.244,8.7,1,0
4.91,274.0,0,32,6,0.779,43.2,0,0
5.24,300.0,0,40,4,0.302,4.2,1,1
0.45,337.0,0,45,3,0.828,0.7,1,1
0.19,316.0,0,36,1,0.224,3.1,0,0
10.52,884.0,0,28,3,0.933,19.5,0,0
1.8,132.0,0,44,1,0.064,14.7,1,1
12.74,541.0,0,29,3,0.611,83.1,0,1
0.84,700.0,0,49,2,0.728,49.8,1,0
8.61,315.0,0,23,6,0.338,2.9,0,1
0.39,788.0,0,29,4,0.805,3.6,1,1
1.42,859.0,0,26,0,0.26,44.9,0,0
6.45,677.0,0,26,2,0.333,1.7,1,0
0.45,857.0,0,30,2,0.722,1.9,1,1
9.76,832.0,0,24,4,0.511,26.1,1,1
5.29,542.0,0,42,1,0.808,20.1,1,1
4.12,217.0,0,26,2,0.186,1.2,1,1
0.02,182.0,0,33,2,0.362,38.9,0,0
19.96,-1.0,1,30,5,0.748,35.8,0,0
9.13,560.0,0,42,0,0.598,15.3,1,0
8.75,343.0,0,18,4,0.38,8.7,1,1
6.21,323.0,0,40,3,0.419,7.8,0,0
3.11,453.0,0,22,1,0.604,9.3,0,1
0.8,-1.0,1,47,3,0.283,0.0,1,0
0.14,803.0,0,32,4,0.829,1.5,0,0
0.47,295.0,0,34,1,0.758,4.0,0,0
1.81,276.0,0,47,5,0.707,28.5,1,1
9.87,385.0,0,18,0,0.915,46.4,0,0
11.54,177.0,0,18,2,0.506,4.4,1,0
1.7,557.0,0,22,3,0.475,25.2,1,1
11.3,641.0,0,30,0,0.481,12.7,0,1
0.28,672.0,0,18,6,0.075,5.3,0,0
4.23,157.0,0,34,4,0.634,56.1,0,1
3.26,690.0,0,28,2,0.349,70.7,1,0
2.42,608.0,0,28,4,0.77,36.3,1,1
21.69,162.0,0,18,2,0.561,9.0,1,1
2.78,806.0,0,37,6,0.703,21.9,0,0
8.54,-1.0,1,39,6,0.653,49.5,1,1
2.45,879.0,0,37,6,0.685,0.6,0,0
7.32,725.0,0,36,2,0.755,40.2,1,0
1.03,242.0,0,29,4,0.387,0.3,1,1
2.2,283.0,0,25,4,0.223,10.1,1,0
6.68,549.0,0,30,3,0.498,1.7,1,0
7.32,349.0,0,22,2,0.793,26.7,0,0
18.15,230.0,0,33,2,0.141,7.2,1,0
1.9,516.0,0,47,3,0.407,28.5,1,1
3.59,859.0,0,29,3,0.53,61.5,1,1
0.05,508.0,0,18,4,0.6,7.1,1,1
3.69,645.0,0,23,2,0.505,5.6,1,1
0.43,300.0,0,40,4,0.429,24.9,1,1
6.29,839.0,0,49,2,0.43,1.4,1,0
1.81,99.0,0,46,1,0.791,28.9,1,1
4.34,457.0,0,20,4,0.562,52.3,1,1
1.29,765.0,0,18,6,0.219,3.1,1,0
0.52,-1.0,1,49,2,0.391,23.4,1,1
1.49,861.0,0,26,4,0.505,13.3,0,0
5.58,-1.0,1,54,1,0.205,5.7,1,1
0.43,398.0,0,31,4,0.286,46.3,1,1
1.22,761.0,0,25,2,0.77,1.7,0,0
0.41,564.0,0,18,1,0.244,9.7,1,0
2.77,389.0,0,18,3,0.819,40.8,0,0
5.26,692.0,0,32,3,0.435,5.4,0,1
5.46,570.0,0,34,4,0.178,6.9,1,1
1.25,-1.0,1,30,5,0.166,9.8,1,1
5.43,199.0,0,22,5,0.143,7.5,1,0
0.24,582.0,0,36,8,0.332,9.9,0,1
1.66,-1.0,1,35,2,0.789,26.6,1,1
10.89,537.0,0,38,7,0.153,65.8,0,0
32.6,882.0,0,18,4,0.838,71.1,1,0
6.28,209.0,0,32,3,0.185,4.7,1,0
10.93,712.0,0,45,4,0.113,22.5,1,0
12.77,788.0,0,30,4,0.268,47.0,1,0
0.42,876.0,0,35,2,0.688,7.8,1,1
0.96,874.0,0,18,3,0.57,1.6,1,1
0.95,273.0,0,31,3,0.582,8.0,1,1
3.69,239.0,0,20,6,0.336,17.0,1,0
3.13,259.0,0,42,2,0.798,25.9,1,1
0.91,491.0,0,40,2,0.663,87.6,1,1
2.75,-1.0,1,22,4,0.499,7.6,1,1
8.32,91.0,0,35,2,0.646,5.8,1,1
8.58,94.0,0,40,5,0.355,10.4,1,1
4.17,-1.0,1,34,0,0.758,1.3,0,0
5.62,214.0,0,27,3,0.172,66.2,1,0
0.12,735.0,0,47,2,0.435,23.6,1,1
11.31,849.0,0,35,3,0.444,9.3,1,1
3.51,195.0,0,41,4,0.348,86.1,1,0
1.7,395.0,0,44,5,0.523,12.9,0,1
14.39,246.0,0,20,1,0.455,33.2,1,0
4.07,232.0,0,18,1,0.812,26.9,0,1
5.02,573.0,0,29,1,0.668,15.6,1,0
1.45,-1.0,1,47,0,0.782,21.0,1,0
10.25,884.0,0,18,1,0.677,7.3,1,1
10.41,729.0,0,18,3,0.774,6.3,1,1
10.41,313.0,0,18,4,0.941,26.7,0,0
7.53,-1.0,1,22,3,0.281,23.7,1,0
3.2,591.0,0,29,1,0.312,1.1,1,0
7.89,860.0,0,35,6,0.289,32.9,0,0
11.17,358.0,0,29,4,0.099,1.0,1,1
2.55,586.0,0,36,6,0.582,69.7,1,0
4.74,344.0,0,37,1,0.798,12.5,1,1
0.14,742.0,0,35,2,0.397,12.5,1,0
2.2,-1.0,1,32,4,0.173,20.0,1,0
1.52,162.0,0,29,3,0.709,34.9,1,0
3.01,452.0,0,28,4,0.553,28.5,1,0
1.29,558.0,0,27,4,0.267,28.0,0,0
2.68,586.0,0,28,1,0.42,8.5,1,0
2.41,484.0,0,49,6,0.749,2.7,1,1
5.41,521.0,0,40,3,0.242,24.5,0,1
0.28,646.0,0,22,4,0.102,8.8,1,0
4.16,-1.0,1,41,2,0.336,8.7,1,0
6.77,594.0,0,34,2,0.459,22.5,1,1
4.88,273.0,0,43,1,0.295,37.8,1,0
4.66,758.0,0,24,3,0.045,6.9,1,0
26.21,370.0,0,29,6,0.872,3.6,1,0
7.24,665.0,0,21,4,0.901,3.4,0,1
4.68,-1.0,1,22,1,0.357,42.9,1,1
2.21,531.0,0,31,6,0.776,60.6,1,0
7.27,262.0,0,30,4,0.739,1.6,1,0
36.58,377.0,0,32,2,0.303,14.6,1,1
0.99,402.0,0,37,3,0.653,5.9,1,1
5.16,276.0,0,43,2,0.622,3.9,1,1
16.84,666.0,0,18,2,0.848,8.1,0,0
16.49,587.0,0,18,3,0.252,25.8,1,1
2.9,153.0,0,26,1,0.501,40.2,1,0
5.48,341.0,0,43,4,0.193,36.1,1,1
3.5,102.0,0,20,1,0.415,16.5,1,1
0.38,-1.0,1,33,5,0.803,73.0,0,0
0.81,-1.0,1,29,2,0.954,27.7,1,1
0.15,266.0,0,18,1,0.429,12.5,1,1
3.87,826.0,0,42,1,0.362,12.7,1,0
1.2,708.0,0,44,5,0.361,12.9,1,1
0.87,590.0,0,21,5,0.482,11.1,1,1
1.06,396.0,0,52,2,0.687,29.7,1,1
7.97,528.0,0,20,3,0.493,33.2,1,0
17.03,113.0,0,23,5,0.445,22.7,0,0
8.31,817.0,0,19,2,0.25,23.9,1,1
1.13,440.0,0,25,2,0.176,0.5,1,0
3.68,485.0,0,44,5,0.731,3.7,0,1
6.74,174.0,0,39,2,0.537,38.1,0,1
20.22,322.0,0,35,3,0.129,6.6,1,0
1.33,693.0,0,29,5,0.633,7.1,1,0
12.5,235.0,0,26,5,0.647,49.4,1,1
2.39,578.0,0,39,3,0.458,51.6,1,1
7.58,400.0,0,28,3,0.317,44.1,0,0
0.67,746.0,0,44,3,0.661,7.9,1,0
2.13,686.0,0,21,0,0.451,10.5,1,1
12.72,428.0,0,20,2,0.826,38.4,1,1
6.28,346.0,0,18,5,0.537,13.6,1,1
14.79,751.0,0,24,1,0.616,18.0,1,1
5.83,631.0,0,30,4,0.449,16.5,0,1
1.71,460.0,0,34,1,0.28,43.9,1,0
1.66,169.0,0,18,5,0.786,4.5,0,0
6.05,-1.0,1,36,1,0.308,48.1,1,0
8.8,837.0,0,30,2,0.784,4.6,1,1
9.55,651.0,0,22,1,0.674,77.9,0,0
0.26,117.0,0,37,2,0.272,24.7,1,0
16.69,821.0,0,34,2,0.876,22.7,0,1
0.85,134.0,0,24,5,0.381,53.8,1,0
0.15,604.0,0,28,3,0.581,0.2,1,1
2.21,829.0,0,38,4,0.377,35.7,1,0
8.03,516.0,0,29,4,0.187,10.5,1,0
2.71,703.0,0,33,4,0.706,11.0,1,1
8.3,467.0,0,25,6,0.295,7.3,1,1
1.38,-1.0,1,39,4,0.704,1.8,0,1
2.38,724.0,0,18,4,0.778,4.5,0,0
6.05,134.0,0,38,7,0.186,19.0,1,0
1.09,308.0,0,35,5,0.566,10.2,1,1
9.81,124.0,0,30,3,0.827,0.9,1,1
15.19,-1.0,1,48,1,0.236,16.5,1,0
0.67,745.0,0,24,2,0.212,13.7,1,0
5.17,491.0,0,19,1,0.113,24.9,1,0
8.51,215.0,0,37,1,0.306,10.5,0,1
4.34,-1.0,1,45,3,0.069,53.0,1,1
5.86,-1.0,1,22,4,0.728,1.0,1,1
0.96,885.0,0,28,3,0.45,54.1,1,0
14.67,316.0,0,30,6,0.36,5.7,0,1
0.4,316.0,0,22,8,0.398,12.5,1,1
8.14,164.0,0,30,2,0.413,4.1,1,0
3.26,615.0,0,33,0,0.425,13.6,1,1
9.59,770.0,0,36,5,0.307,13.5,0,0
0.34,873.0,0,27,4,0.489,15.9,1,0
2.52,888.0,0,22,3,0.176,0.6,0,0
3.36,-1.0,1,20,1,0.524,16.2,1,0
19.63,432.0,0,18,3,0.109,168.0,1,0
3.47,433.0,0,33,2,0.391,0.2,0,0
3.59,607.0,0,32,5,0.31,19.6,1,0
2.78,682.0,0,32,2,0.773,21.5,1,1
4.21,195.0,0,38,0,0.352,21.1,0,0
7.6,301.0,0,31,5,0.773,29.1,1,0
0.32,-1.0,1,18,2,0.529,102.4,1,0
7.55,525.0,0,34,1,0.292,46.4,1,0
0.86,855.0,0,44,2,0.239,6.1,1,0
22.49,856.0,0,25,1,0.382,46.6,1,1
2.25,-1.0,1,18,4,0.189,6.4,1,0
14.8,96.0,0,36,2,0.708,18.3,1,1
4.06,242.0,0,32,2,0.316,41.3,0,0
6.2,742.0,0,50,2,0.685,19.7,1,0
9.51,102.0,0,32,2,0.601,3.0,1,1
0.87,194.0,0,37,3,0.33,151.6,1,0
16.01,-1.0,1,42,4,0.806,101.1,0,0
0.24,292.0,0,37,1,0.516,9.3,1,1
21.58,290.0,0,18,4,0.497,50.9,0,0
3.69,-1.0,1,41,4,0.635,19.8,1,1
5.24,124.0,0,27,1,0.222,10.8,1,1
0.16,647.0,0,43,3,0.708,82.2,1,0
0.67,721.0,0,50,3,0.771,9.4,0,1
5.2,105.0,0,23,3,0.598,4.0,1,1
1.02,598.0,0,46,4,0.446,61.7,1,1
0.66,572.0,0,31,3,0.622,3.8,1,0
1.32,-1.0,1,27,5,0.516,44.7,0,0
7.06,589.0,0,21,4,0.911,35.9,0,1
1.15,780.0,0,23,1,0.419,31.8,1,1
5.91,-1.0,1,26,3,0.66,183.5,1,0
6.52,867.0,0,32,4,0.696,11.9,1,1
23.9,547.0,0,20,3,0.402,17.2,0,0
7.4,644.0,0,27,1,0.252,42.3,1,1
5.43,791.0,0,49,2,0.308,9.6,1,0
19.28,758.0,0,29,2,0.857,0.2,1,1
3.51,644.0,0,38,2,0.442,50.4,1,1
4.02,141.0,0,18,6,0.743,15.6,1,1
2.45,854.0,0,54,2,0.77,6.2,1,1
15.67,624.0,0,37,3,0.787,37.5,1,1
2.41,183.0,0,34,4,0.538,0.5,0,0
0.04,595.0,0,34,2,0.382,9.2,1,1
17.64,334.0,0,37,4,0.281,8.5,0,1
0.1,862.0,0,43,0,0.605,0.3,1,1
6.92,426.0,0,18,3,0.549,82.0,1,0
9.77,726.0,0,25,4,0.496,48.0,0,0
7.64,-1.0,1,28,3,0.158,3.4,0,0
1.05,614.0,0,34,2,0.61,47.1,1,1
10.7,331.0,0,18,3,0.267,6.8,0,0
2.2,-1.0,1,26,3,0.602,7.0,1,0
0.13,346.0,0,38,3,0.356,32.1,1,1
1.31,846.0,0,18,5,0.846,0.1,0,1
2.14,91.0,0,38,3,0.65,40.5,1,0
9.17,107.0,0,29,5,0.488,4.2,1,1
4.03,335.0,0,18,2,0.633,17.9,1,0
2.3,512.0,0,34,1,0.495,3.9,1,0
7.06,95.0,0,38,2,0.622,26.3,1,1
4.12,-1.0,1,18,4,0.523,30.7,1,1
0.78,886.0,0,29,5,0.738,50.4,0,0
5.6,105.0,0,35,2,0.249,12.8,1,0
1.46,-1.0,1,43,6,0.883,1.7,1,1
2.72,751.0,0,42,4,0.829,85.0,1,0
2.31,774.0,0,21,2,0.169,16.6,0,0
2.75,448.0,0,18,4,0.582,26.1,1,1
2.67,-1.0,1,55,3,0.288,34.1,1,0
1.71,561.0,0,18,3,0.626,1.0,1,1
6.72,-1.0,1,52,3,0.067,44.3,1,1
1.41,-1.0,1,30,6,0.804,33.9,1,1
8.32,607.0,0,33,3,0.713,5.7,0,0
16.95,-1.0,1,20,3,0.198,1.5,1,0
1.02,850.0,0,24,7,0.635,0.5,0,0
5.43,460.0,0,31,1,0.479,23.9,1,1
2.56,199.0,0,35,2,0.4,26.1,0,1
15.51,439.0,0,32,2,0.2,13.8,0,0
2.13,338.0,0,28,0,0.431,16.1,1,1
9.89,682.0,0,28,6,0.616,39.3,1,1
39.26,-1.0,1,27,4,0.541,15.4,1,0
9.81,868.0,0,31,1,0.159,18.4,1,0
8.59,626.0,0,26,4,0.555,20.5,1,0
4.95,-1.0,1,34,4,0.483,13.2,1,1
1.27,700.0,0,18,4,0.386,22.7,1,0
4.45,-1.0,1,33,4,0.232,11.6,1,1
0.72,334.0,0,61,4,0.495,18.6,1,1
14.24,506.0,0,30,5,0.276,2.3,0,0
1.18,175.0,0,18,1,0.772,34.3,0,0
2.42,656.0,0,42,1,0.326,20.3,1,0
1.59,770.0,0,43,0,0.193,39.0,1,0
9.75,482.0,0,40,3,0.908,42.6,0,0
6.5,807.0,0,29,4,0.599,2.0,0,0
5.44,-1.0,1,25,5,0.337,6.8,0,0
0.72,490.0,0,31,3,0.604,2.3,1,1
10.88,492.0,0,24,1,0.325,3.0,0,0
1.08,356.0,0,41,2,0.225,32.7,0,0
9.81,757.0,0,44,2,0.664,1.5,1,1
3.75,359.0,0,38,2,0.658,6.7,0,0
7.42,406.0,0,36,3,0.694,2.3,1,0
14.07,96.0,0,45,3,0.232,22.8,1,0
16.08,812.0,0,42,3,0.639,5.0,1,0
4.2,-1.0,1,18,3,0.542,9.7,1,1
16.11,144.0,0,22,5,0.585,5.6,1,1
1.83,-1.0,1,38,4,0.557,60.4,1,0
16.35,-1.0,1,35,1,0.096,9.7,1,0
0.83,850.0,0,18,6,0.557,53.5,1,0
3.85,372.0,0,38,7,0.113,15.9,1,1
0.38,340.0,0,18,3,0.626,46.2,1,1
3.82,97.0,0,24,2,0.383,1.0,1,0
8.73,281.0,0,38,0,0.114,8.2,1,0
12.04,177.0,0,29,7,0.601,8.4,1,1
3.54,743.0,0,28,5,0.066,5.7,1,1
4.5,833.0,0,18,2,0.747,23.0,1,0
2.73,359.0,0,31,1,0.215,20.3,0,0
3.97,564.0,0,24,0,0.449,2.4,0,0
5.39,743.0,0,35,0,0.628,79.9,1,0
1.68,787.0,0,30,4,0.645,29.5,1,1
3.95,-1.0,1,32,3,0.835,33.5,0,1
17.49,-1.0,1,43,5,0.9,82.0,0,0
3.72,246.0,0,26,6,0.295,16.5,0,0
3.88,892.0,0,25,3,0.783,63.8,1,1
4.92,410.0,0,18,3,0.664,11.5,1,1
1.22,187.0,0,32,4,0.864,20.9,0,1
21.46,765.0,0,24,2,0.538,10.3,1,0
3.42,727.0,0,34,3,0.594,41.8,0,1
2.32,473.0,0,35,1,0.188,27.7,1,0
2.63,252.0,0,19,2,0.701,35.5,1,0
5.85,145.0,0,32,5,0.242,16.7,1,0
1.93,793.0,0,35,0,0.776,18.7,1,0
0.24,571.0,0,30,4,0.388,33.5,1,1
17.1,441.0,0,35,2,0.857,12.6,1,1
3.64,395.0,0,18,3,0.878,104.9,0,0
3.63,462.0,0,29,4,0.451,3.2,1,0
0.56,357.0,0,38,4,0.768,41.6,1,1
13.52,600.0,0,30,1,0.343,6.1,1,0
1.76,733.0,0,50,3,0.639,12.4,1,0
2.22,579.0,0,26,3,0.428,3.4,1,1
4.89,191.0,0,44,2,0.214,170.4,1,0
3.92,297.0,0,27,3,0.41,42.6,1,1
4.12,583.0,0,42,0,0.3,14.5,1,1
19.53,518.0,0,22,2,0.927,1.9,0,1
10.73,-1.0,1,21,3,0.909,135.0,1,1
2.01,175.0,0,23,1,0.943,11.0,1,1
1.8,-1.0,1,54,1,0.697,10.8,1,1
5.36,889.0,0,27,1,0.234,72.8,1,0
3.58,126.0,0,52,5,0.241,1.4,0,0
0.96,658.0,0,28,0,0.791,30.6,1,1
3.24,643.0,0,21,1,0.655,3.1,0,0
14.06,252.0,0,37,3,0.589,12.7,1,1
21.29,364.0,0,26,4,0.582,34.7,1,1
6.6,-1.0,1,41,2,0.576,7.6,1,1
2.31,511.0,0,51,1,0.5,16.2,1,0
4.16,287.0,0,27,4,0.325,18.2,1,0
3.95,-1.0,1,39,4,0.87,13.4,1,0
8.34,561.0,0,23,1,0.607,45.9,1,0
0.45,856.0,0,25,4,0.527,13.8,0,1
0.0,719.0,0,57,3,0.339,33.3,1,1
8.12,235.0,0,23,3,0.242,53.4,0,0
2.98,626.0,0,19,3,0.664,7.2,1,0
4.38,381.0,0,26,0,0.377,0.6,1,0
6.34,639.0,0,34,0,0.524,107.4,1,0
0.13,159.0,0,36,1,0.242,70.6,0,0
3.18,640.0,0,40,5,0.719,4.3,1,1
12.2,488.0,0,40,1,0.729,17.0,1,1
4.11,348.0,0,38,2,0.869,45.7,1,0
13.36,457.0,0,52,2,0.287,2.8,0,0
3.01,248.0,0,21,6,0.402,7.8,0,0
29.04,-1.0,1,27,4,0.575,3.0,1,1
7.47,117.0,0,38,5,0.527,22.0,1,1
2.71,557.0,0,21,5,0.177,4.1,1,0
2.27,-1.0,1,55,0,0.354,101.4,1,0
14.18,439.0,0,40,2,0.708,38.3,1,1
10.94,571.0,0,24,1,0.349,2.8,0,0
0.6,826.0,0,18,3,0.352,28.3,0,0
5.77,381.0,0,31,4,0.638,10.9,1,0
0.69,704.0,0,29,5,0.602,0.8,0,0
0.82,114.0,0,32,3,0.225,74.2,1,0
0.09,405.0,0,26,5,0.046,16.6,1,1
1.44,-1.0,1,43,2,0.729,93.3,1,0
0.52,129.0,0,52,3,0.449,33.9,0,0
2.18,874.0,0,22,2,0.954,3.1,1,1
0.0,-1.0,1,39,4,0.346,3.2,0,1
2.81,853.0,0,29,3,0.702,12.2,1,0
19.75,-1.0,1,25,2,0.258,16.7,1,0
7.87,-1.0,1,41,1,0.535,11.3,0,0
2.85,248.0,0,21,3,0.707,27.3,1,1
8.58,-1.0,1,27,4,0.82,2.6,0,1
0.81,508.0,0,18,2,0.358,30.3,0,0
6.79,-1.0,1,35,3,0.606,96.0,1,1
1.74,881.0,0,49,2,0.732,0.4,1,1
2.52,-1.0,1,18,1,0.727,12.7,1,0
11.28,367.0,0,40,0,0.671,1.8,1,1
6.2,-1.0,1,36,4,0.62,16.2,1,1
2.13,773.0,0,28,3,0.207,43.6,1,1
9.75,358.0,0,29,6,0.2,35.0,0,0
10.63,-1.0,1,26,3,0.887,41.9,1,1
8.65,373.0,0,18,3,0.255,12.3,1,0
4.34,109.0,0,18,5,0.3,80.0,0,0
3.59,765.0,0,41,6,0.047,10.8,1,0
0.97,491.0,0,46,2,0.583,9.2,1,1
11.9,863.0,0,18,2,0.105,26.5,1,0
11.74,-1.0,1,22,3,0.63,12.0,0,1
1.89,712.0,0,31,4,0.803,30.5,1,0
0.02,183.0,0,44,4,0.164,3.6,1,0
3.32,241.0,0,34,2,0.601,26.4,0,0
18.73,826.0,0,43,4,0.976,38.0,1,1
4.89,697.0,0,34,2,0.321,28.0,0,0
9.75,303.0,0,48,1,0.111,1.7,1,1
13.66,572.0,0,37,6,0.476,49.3,1,0
0.38,204.0,0,37,4,0.475,47.0,1,0
4.7,451.0,0,30,3,0.549,13.1,1,0
3.25,815.0,0,18,2,0.782,23.2,1,0
6.73,158.0,0,39,0,0.263,15.3,1,1
1.93,199.0,0,35,3,0.214,6.5,1,1
1.37,95.0,0,18,3,0.858,4.9,1,1
0.37,257.0,0,20,3,0.798,9.5,1,1
6.44,198.0,0,26,0,0.77,9.8,1,0
4.2,-1.0,1,18,4,0.735,9.4,0,1
7.73,331.0,0,18,2,0.737,12.2,0,0
5.36,518.0,0,30,2,0.223,3.3,1,0
1.14,859.0,0,36,3,0.42,57.2,1,1
3.05,109.0,0,37,2,0.627,6.6,0,1
2.22,574.0,0,27,4,0.57,31.5,1,1
0.81,401.0,0,29,6,0.514,10.6,1,1
5.16,273.0,0,48,2,0.876,7.6,1,1
17.25,-1.0,1,25,3,0.642,0.5,0,0
0.28,823.0,0,37,1,0.202,1.7,1,0
11.84,533.0,0,55,0,0.153,10.8,0,0
15.51,-1.0,1,23,1,0.33,0.9,1,0
7.19,243.0,0,41,1,0.445,21.6,1,0
9.1,666.0,0,37,7,0.366,18.0,0,0
0.23,533.0,0,18,3,0.442,27.5,1,1
2.96,245.0,0,34,4,0.482,21.5,1,0
6.21,758.0,0,39,4,0.557,33.3,1,0
3.37,475.0,0,38,4,0.485,29.8,1,0
2.5,401.0,0,37,2,0.727,10.4,1,1
2.03,296.0,0,59,1,0.481,1.0,1,1
2.19,440.0,0,28,2,0.848,15.1,0,0
2.28,877.0,0,38,2,0.951,42.7,1,1
18.05,765.0,0,30,2,0.208,7.3,1,0
4.37,299.0,0,36,5,0.126,3.7,1,0
4.02,616.0,0,51,3,0.362,9.8,0,0
10.0,159.0,0,24,5,0.145,12.5,0,0
5.51,623.0,0,33,4,0.917,81.5,1,1
3.18,285.0,0,18,3,0.163,23.2,1,0
14.38,554.0,0,25,4,0.591,2.0,1,1
1.58,707.0,0,30,2,0.329,0.0,0,1
14.06,-1.0,1,39,5,0.612,59.9,0,0
3.09,-1.0,1,36,3,0.394,65.6,1,1
2.91,649.0,0,21,4,0.217,29.7,1,1
4.07,818.0,0,18,2,0.544,9.9,1,0
8.95,-1.0,1,36,3,0.438,18.4,1,1
2.06,462.0,0,24,0,0.634,2.3,0,1
3.11,158.0,0,46,8,0.541,17.6,0,1
1.08,281.0,0,25,3,0.288,26.1,0,0
3.36,120.0,0,29,4,0.543,12.2,1,1
3.71,589.0,0,32,3,0.413,10.7,0,0
11.56,601.0,0,36,3,0.877,39.2,1,1
12.41,-1.0,1,37,4,0.058,60.9,1,0
39.5,171.0,0,18,2,0.546,29.0,1,0
3.14,168.0,0,37,3,0.559,1.8,1,1
15.49,470.0,0,18,4,0.274,5.2,0,0
7.76,166.0,0,21,0,0.249,11.9,1,0
3.57,543.0,0,43,1,0.312,27.2,1,1
18.56,829.0,0,49,5,0.323,8.6,1,0
2.57,117.0,0,18,5,0.734,11.9,1,1
1.05,465.0,0,24,1,0.419,31.9,1,0
16.79,587.0,0,22,1,0.737,25.1,0,0
2.55,278.0,0,27,2,0.615,33.0,1,1
4.22,611.0,0,36,2,0.278,24.2,0,0
0.65,-1.0,1,31,1,0.841,6.2,1,1
17.27,713.0,0,33,2,0.284,12.6,1,0
1.66,326.0,0,18,0,0.293,37.2,0,0
7.22,181.0,0,31,6,0.745,33.8,1,0
0.29,314.0,0,18,2,0.139,0.5,1,0
2.33,-1.0,1,27,5,0.431,18.3,1,1
1.77,197.0,0,36,0,0.815,30.6,0,1
1.05,326.0,0,27,2,0.086,9.4,0,0
2.12,312.0,0,52,6,0.781,37.9,1,1
1.14,-1.0,1,38,3,0.311,17.3,1,1
8.82,387.0,0,26,5,0.492,15.9,0,1
0.11,244.0,0,46,1,0.16,9.2,1,0
4.06,679.0,0,37,2,0.606,73.7,0,1
25.62,118.0,0,19,2,0.769,133.3,1,0
7.14,840.0,0,45,2,0.811,18.2,1,1
15.6,562.0,0,18,4,0.325,24.5,0,0
1.74,687.0,0,32,5,0.591,17.0,0,0
6.5,337.0,0,18,3,0.799,119.5,1,0
11.3,297.0,0,35,4,0.639,20.6,1,1
16.24,715.0,0,30,1,0.266,8.4,1,0
0.56,-1.0,1,25,4,0.636,55.5,0,0
0.53,720.0,0,23,3,0.569,11.7,1,1
11.18,-1.0,1,33,1,0.663,15.0,0,0
3.41,211.0,0,28,4,0.429,51.9,0,0
1.89,434.0,0,23,4,0.631,27.5,1,1
4.79,415.0,0,51,2,0.314,78.7,1,0
10.64,852.0,0,29,3,0.078,42.3,1,1
0.8,764.0,0,18,4,0.385,50.2,1,0
13.03,641.0,0,38,3,0.539,60.0,1,1
13.4,570.0,0,36,1,0.425,8.6,1,1
8.67,537.0,0,26,1,0.261,18.6,1,1
2.29,193.0,0,29,0,0.151,28.6,0,1
9.88,552.0,0,32,3,0.378,20.4,1,1
7.56,344.0,0,31,2,0.653,12.1,1,1
21.47,535.0,0,40,4,0.091,0.9,0,0
0.65,530.0,0,31,2,0.64,43.0,1,0
30.22,168.0,0,42,2,0.353,15.8,0,1
9.19,441.0,0,18,4,0.262,44.9,1,0
14.82,-1.0,1,55,3,0.251,5.1,1,1
7.8,594.0,0,47,3,0.695,3.7,1,0
7.58,673.0,0,35,1,0.217,4.3,1,0
5.96,877.0,0,36,1,0.62,9.5,1,0
20.12,195.0,0,25,0,0.702,7.6,1,1
9.64,500.0,0,27,4,0.794,85.3,1,1
5.32,424.0,0,30,3,0.548,15.9,1,1
3.4,880.0,0,18,2,0.61,13.2,1,1
0.93,444.0,0,30,0,0.866,51.8,1,0
1.61,812.0,0,22,4,0.278,30.6,1,1
0.17,137.0,0,35,2,0.681,2.3,1,1
3.24,281.0,0,26,3,0.548,65.6,1,1
0.68,729.0,0,27,1,0.214,53.0,0,0
5.59,294.0,0,43,5,0.703,30.8,1,0
12.16,798.0,0,29,4,0.258,16.9,1,0
21.67,92.0,0,27,3,0.497,69.5,0,0
4.92,125.0,0,34,5,0.403,16.0,0,0
3.65,275.0,0,23,6,0.186,76.2,0,0
0.12,446.0,0,29,4,0.733,18.6,1,1
7.51,362.0,0,35,1,0.084,36.7,1,0
0.05,171.0,0,42,2,0.716,0.9,1,0
3.39,378.0,0,43,3,0.077,17.0,1,0
4.58,594.0,0,35,5,0.505,22.7,1,0
3.91,-1.0,1,29,7,0.715,21.9,0,1
2.22,872.0,0,32,2,0.554,22.3,1,1
14.18,805.0,0,40,4,0.449,9.7,1,1
9.0,543.0,0,32,4,0.301,5.8,1,1
6.28,777.0,0,39,4,0.629,51.8,1,1
5.72,807.0,0,21,5,0.686,11.3,0,0
1.85,492.0,0,28,4,0.351,14.1,1,1
0.29,787.0,0,18,2,0.331,5.7,1,1
2.02,400.0,0,41,4,0.354,32.3,1,0
3.9,640.0,0,33,2,0.708,27.1,1,1
8.61,873.0,0,36,0,0.438,28.4,1,0
3.01,301.0,0,32,3,0.472,5.9,0,0
1.08,687.0,0,31,3,0.442,20.4,1,1
8.33,270.0,0,22,1,0.843,24.9,1,1
3.84,612.0,0,18,2,0.52,17.4,0,0
1.49,-1.0,1,41,5,0.623,36.1,1,1
17.12,886.0,0,27,1,0.795,35.4,1,1
13.23,614.0,0,40,2,0.715,64.7,0,0
2.71,190.0,0,33,7,0.303,22.1,0,0
9.47,214.0,0,32,3,0.574,17.7,1,1
0.41,539.0,0,48,3,0.855,22.9,1,1
0.34,218.0,0,27,2,0.737,22.2,0,0
5.63,339.0,0,18,2,0.304,2.0,1,0
5.64,209.0,0,38,1,0.653,21.5,0,1
2.79,146.0,0,28,2,0.716,9.3,1,1
6.84,-1.0,1,24,3,0.432,18.5,1,1
13.32,105.0,0,34,3,0.137,69.3,0,0
5.05,607.0,0,41,2,0.354,47.3,1,0
2.67,830.0,0,21,2,0.705,25.6,0,1
2.65,435.0,0,34,6,0.753,15.8,0,0
5.63,189.0,0,38,7,0.571,0.6,1,0
2.55,518.0,0,37,4,0.492,1.3,1,1
14.56,297.0,0,41,0,0.901,3.5,0,0
2.99,809.0,0,18,5,0.877,43.8,0,0
7.95,-1.0,1,36,5,0.58,65.9,1,1
1.37,300.0,0,47,1,0.543,47.6,0,0
4.97,101.0,0,20,6,0.174,48.1,1,0
10.7,242.0,0,45,4,0.742,19.1,1,1
11.12,631.0,0,18,7,0.538,27.8,0,0
6.13,526.0,0,25,1,0.256,9.9,1,0
13.92,819.0,0,18,2,0.345,1.1,0,0
3.37,367.0,0,18,1,0.514,30.3,0,0
5.64,-1.0,1,18,3,0.309,51.8,1,0
3.86,281.0,0,28,6,0.687,9.0,1,1
6.73,141.0,0,27,2,0.7,8.9,1,1
1.83,180.0,0,35,1,0.404,14.5,0,0
7.87,-1.0,1,40,0,0.291,14.2,1,0
0.31,856.0,0,33,2,0.711,72.4,0,0
17.63,521.0,0,54,2,0.408,45.3,1,1
7.85,103.0,0,33,2,0.279,12.1,0,1
0.94,116.0,0,30,2,0.881,2.9,0,0
3.36,669.0,0,46,3,0.743,15.0,0,0
3.32,667.0,0,30,4,0.479,23.7,0,1
2.34,466.0,0,24,3,0.366,17.6,1,1
0.62,343.0,0,22,4,0.175,44.5,1,0
3.87,130.0,0,25,7,0.221,14.7,1,0
1.15,539.0,0,31,0,0.539,9.2,0,0
5.92,267.0,0,37,1,0.727,1.5,1,0
7.77,246.0,0,37,5,0.315,16.5,0,0
4.74,468.0,0,18,1,0.685,19.6,0,0
5.47,761.0,0,19,4,0.552,6.1,1,1
10.93,476.0,0,36,4,0.729,22.5,0,0
3.31,432.0,0,45,6,0.393,3.3,0,1
3.39,717.0,0,26,1,0.303,14.7,1,1
6.25,821.0,0,24,3,0.455,13.4,1,1
13.8,267.0,0,42,4,0.819,74.9,0,0
1.1,-1.0,1,26,3,0.215,3.8,1,1
0.74,-1.0,1,30,4,0.459,12.0,1,1
25.69,729.0,0,55,3,0.672,11.1,1,0
40.11,301.0,0,40,6,0.648,10.3,1,0
1.49,242.0,0,30,3,0.647,10.0,1,1
5.07,682.0,0,30,4,0.743,4.0,1,0
34.34,304.0,0,42,2,0.699,7.3,1,0
12.0,417.0,0,49,3,0.879,16.1,1,1
5.86,561.0,0,21,2,0.742,1.1,1,1
4.57,764.0,0,23,6,0.886,25.1,1,1
0.06,-1.0,1,24,2,0.286,20.6,0,1
6.59,776.0,0,34,3,0.692,6.4,1,1
3.02,115.0,0,18,4,0.266,21.1,1,1
2.22,825.0,0,24,5,0.572,63.0,1,1
5.33,688.0,0,32,3,0.587,8.5,0,1
8.5,484.0,0,32,4,0.275,108.4,1,0
5.88,733.0,0,51,3,0.392,8.8,1,1
6.74,-1.0,1,31,2,0.414,92.1,1,0
7.26,667.0,0,30,1,0.9,61.6,0,1
36.67,180.0,0,35,1,0.439,0.5,1,0
7.02,486.0,0,20,2,0.32,43.8,1,0
4.78,634.0,0,33,9,0.287,7.5,0,0
2.32,315.0,0,21,4,0.568,12.4,1,1
1.16,685.0,0,35,2,0.437,14.0,0,0
23.25,861.0,0,39,3,0.229,91.5,1,0
8.3,485.0,0,18,5,0.363,24.4,1,0
3.62,639.0,0,29,3,0.175,17.8,0,0
0.79,484.0,0,50,5,0.845,13.0,0,0
4.76,-1.0,1,36,1,0.755,20.9,1,1
1.91,180.0,0,20,4,0.437,8.8,1,1
0.71,635.0,0,39,2,0.278,15.1,1,0
2.38,826.0,0,27,2,0.819,23.4,1,0
5.52,862.0,0,22,2,0.664,16.7,1,0
5.44,227.0,0,21,3,0.275,20.2,1,1
12.69,-1.0,1,30,2,0.488,1.9,0,1
5.71,433.0,0,51,3,0.272,28.4,1,0
0.84,673.0,0,33,3,0.73,2.7,1,0
0.46,133.0,0,46,2,0.359,3.0,1,0
20.77,682.0,0,29,2,0.653,27.6,0,0
4.6,707.0,0,18,6,0.718,23.6,1,0
0.49,833.0,0,21,4,0.925,36.1,1,1
0.07,354.0,0,33,4,0.394,10.6,1,0
1.92,428.0,0,39,4,0.736,3.8,1,1
9.37,693.0,0,36,4,0.109,27.0,1,0
6.51,392.0,0,27,2,0.652,19.3,1,0
8.91,-1.0,1,47,2,0.408,8.3,0,0
3.03,299.0,0,36,1,0.3,21.3,1,1
3.65,143.0,0,28,7,0.718,34.0,1,1
1.88,898.0,0,29,2,0.337,95.3,1,0
3.76,594.0,0,30,4,0.634,10.1,1,1
14.67,168.0,0,26,1,0.521,52.4,0,0
3.79,351.0,0,27,1,0.215,3.7,1,1
2.07,261.0,0,40,3,0.459,6.2,1,1
0.4,162.0,0,38,3,0.696,0.4,1,0
6.57,858.0,0,46,4,0.71,107.4,1,1
6.27,332.0,0,33,0,0.458,5.2,1,1
0.97,499.0,0,33,3,0.638,7.4,1,1
11.85,410.0,0,41,1,0.431,25.4,0,0
6.8,806.0,0,36,3,0.25,2.9,1,0
4.68,316.0,0,42,4,0.534,73.9,0,0
3.33,-1.0,1,40,0,0.165,8.1,1,1
3.6,522.0,0,25,4,0.518,2.1,1,0
11.78,843.0,0,21,2,0.663,16.8,1,0
1.45,634.0,0,24,7,0.304,62.2,1,0
2.06,169.0,0,23,1,0.69,27.6,1,1
8.52,253.0,0,24,1,0.706,35.0,1,1
7.83,659.0,0,40,2,0.424,13.9,1,0
7.68,533.0,0,49,3,0.158,3.8,0,0
2.39,97.0,0,26,3,0.48,2.2,0,1
10.01,736.0,0,37,2,0.899,15.8,1,1
6.59,502.0,0,33,3,0.61,0.7,1,1
12.46,150.0,0,36,1,0.089,19.7,1,0
7.59,529.0,0,35,2,0.287,16.4,1,0
0.22,884.0,0,18,2,0.693,76.1,0,0
4.91,-1.0,1,29,1,0.502,16.4,1,1
0.34,-1.0,1,18,3,0.246,23.6,0,0
2.82,-1.0,1,24,2,0.245,12.8,1,1
3.64,-1.0,1,27,4,0.169,18.7,1,0
3.79,154.0,0,26,4,0.207,27.4,0,0
19.07,361.0,0,40,3,0.519,3.0,1,1
9.18,575.0,0,21,3,0.703,0.3,0,0
9.26,795.0,0,50,5,0.922,51.2,1,1
2.66,366.0,0,30,6,0.553,4.7,1,1
8.46,199.0,0,20,2,0.718,13.7,0,0
1.62,353.0,0,37,5,0.408,32.5,1,1
2.53,812.0,0,32,1,0.418,1.9,1,0
12.13,296.0,0,30,0,0.381,98.5,0,0
6.09,651.0,0,28,5,0.446,28.1,1,1
2.18,290.0,0,26,1,0.574,25.2,0,0
10.98,353.0,0,22,4,0.348,1.1,1,1
2.04,132.0,0,40,6,0.718,75.2,1,0
17.35,207.0,0,42,3,0.3,2.8,0,0
1.38,234.0,0,27,4,0.521,14.3,1,0
19.14,143.0,0,34,1,0.667,4.7,1,0
1.21,531.0,0,38,4,0.38,72.2,1,1
0.28,-1.0,1,39,2,0.495,19.3,1,1
0.32,324.0,0,32,3,0.249,33.1,0,0
0.59,-1.0,1,25,1,0.689,77.5,0,0
5.05,479.0,0,42,4,0.539,17.6,0,0
11.6,590.0,0,35,1,0.148,11.2,1,0
3.18,629.0,0,41,1,0.604,28.1,0,1
19.67,170.0,0,21,1,0.517,4.7,1,1
2.48,226.0,0,30,2,0.46,9.8,1,0
0.13,650.0,0,48,3,0.794,19.4,1,1
0.4,538.0,0,29,4,0.447,19.9,1,1
7.8,280.0,0,25,1,0.828,25.1,1,0
1.24,553.0,0,33,2,0.676,10.4,1,1
4.08,229.0,0,25,3,0.678,48.5,1,1
0.27,240.0,0,19,4,0.981,50.6,1,1
2.88,286.0,0,39,3,0.493,7.1,1,0
13.78,871.0,0,54,2,0.729,9.2,1,1
0.4,261.0,0,20,2,0.796,0.2,0,0
1.86,275.0,0,46,4,0.345,35.1,0,0
12.23,706.0,0,27,3,0.347,14.3,1,1
14.64,666.0,0,35,3,0.303,13.6,0,0
0.71,891.0,0,27,5,0.224,10.2,1,0
0.58,600.0,0,42,1,0.435,18.9,1,1
3.45,762.0,0,26,4,0.557,4.5,1,1
15.95,472.0,0,25,5,0.547,7.9,1,1
0.83,764.0,0,43,3,0.86,15.4,1,1
9.66,742.0,0,28,1,0.812,49.0,1,0
1.46,712.0,0,18,3,0.342,20.3,1,0
18.38,757.0,0,28,1,0.379,9.4,1,0
0.86,141.0,0,32,2,0.747,15.3,1,1
16.8,124.0,0,35,2,0.868,20.4,0,0
8.24,-1.0,1,28,1,0.604,23.0,1,1
13.4,898.0,0,18,1,0.75,34.8,1,1
3.87,561.0,0,41,6,0.212,22.3,0,0
0.44,683.0,0,18,3,0.303,49.4,1,1
3.62,247.0,0,41,5,0.546,16.9,1,0
0.54,849.0,0,37,2,0.48,16.1,1,1
9.55,340.0,0,35,2,0.51,9.4,1,1
1.49,849.0,0,29,4,0.456,32.2,1,0
6.36,-1.0,1,29,4,0.538,5.4,1,1
3.75,-1.0,1,26,1,0.321,5.3,1,0
12.69,840.0,0,38,5,0.379,30.9,1,1
1.75,546.0,0,42,8,0.4,12.6,1,0
0.06,244.0,0,28,2,0.842,4.8,1,1
1.66,414.0,0,35,1,0.097,123.7,1,1
3.74,649.0,0,33,2,0.708,15.2,1,1
2.02,775.0,0,32,2,0.27,54.0,0,0
5.77,385.0,0,38,5,0.069,16.6,1,0
15.08,585.0,0,34,0,0.799,8.6,0,0
0.79,864.0,0,36,1,0.384,11.8,0,0
5.21,793.0,0,27,6,0.763,0.9,0,1
0.44,881.0,0,43,4,0.452,62.4,1,0
36.44,664.0,0,18,4,0.894,21.5,0,0
8.7,800.0,0,32,3,0.527,0.2,1,1
2.69,768.0,0,24,5,0.684,62.0,1,0
10.67,815.0,0,57,3,0.259,22.0,1,0
1.68,494.0,0,28,3,0.77,10.3,1,1
1.52,754.0,0,21,7,0.528,40.1,1,0
16.07,-1.0,1,33,2,0.922,89.5,1,1
1.98,-1.0,1,18,6,0.565,30.0,0,0
2.11,483.0,0,21,2,0.373,8.3,1,0
0.19,578.0,0,30,4,0.3,0.7,1,1
2.22,247.0,0,18,1,0.066,15.8,1,1
0.91,96.0,0,44,3,0.525,49.3,1,1
3.84,243.0,0,33,3,0.301,7.5,1,1
4.95,360.0,0,28,4,0.647,1.8,1,1
3.79,793.0,0,41,7,0.684,2.1,1,1
25.79,367.0,0,18,4,0.673,66.0,0,0
1.16,715.0,0,33,4,0.717,8.8,0,1
10.61,642.0,0,29,2,0.334,4.7,1,0
4.03,707.0,0,26,6,0.237,6.1,1,0
0.03,424.0,0,39,3,0.766,5.1,1,1
6.36,364.0,0,24,3,0.409,13.2,1,0
0.85,-1.0,1,27,3,0.151,72.5,0,0
0.83,382.0,0,28,2,0.564,46.3,0,1
0.47,388.0,0,43,12,0.1,45.3,0,0
0.05,741.0,0,46,2,0.627,1.3,1,0
4.52,-1.0,1,30,0,0.621,40.2,1,1
7.95,538.0,0,18,5,0.799,19.8,1,0
3.5,571.0,0,38,2,0.595,56.1,1,0
1.11,398.0,0,32,3,0.664,37.1,1,1
5.28,151.0,0,21,4,0.637,6.0,1,1
0.46,333.0,0,32,0,0.32,34.3,1,1
8.72,371.0,0,28,4,0.39,11.2,0,1
0.66,167.0,0,33,2,0.613,71.1,0,0
3.06,290.0,0,18,4,0.743,6.8,0,0
1.22,218.0,0,19,3,0.651,35.8,0,0
4.57,575.0,0,18,0,0.429,15.0,1,0
17.02,454.0,0,46,5,0.804,13.6,0,0
7.94,895.0,0,19,8,0.47,47.9,0,0
2.97,748.0,0,54,5,0.263,11.5,0,0
1.94,572.0,0,18,3,0.39,13.1,1,0
8.51,535.0,0,53,6,0.049,45.2,1,1
11.06,698.0,0,38,2,0.238,12.4,1,0
1.23,676.0,0,36,3,0.323,10.6,0,1
1.27,716.0,0,36,2,0.649,130.1,1,0
4.23,465.0,0,44,2,0.401,19.1,1,1
0.6,284.0,0,21,7,0.291,54.7,0,0
9.84,354.0,0,29,1,0.878,19.3,1,0
4.36,528.0,0,41,0,0.575,99.8,1,0
11.77,774.0,0,47,3,0.062,19.3,1,0
5.96,589.0,0,39,3,0.823,70.5,1,1
10.56,587.0,0,24,4,0.072,0.4,1,0
0.85,430.0,0,22,6,0.167,4.8,1,0
5.2,707.0,0,19,6,0.25,17.5,1,1
5.14,-1.0,1,34,2,0.135,5.4,1,0
5.6,-1.0,1,25,2,0.31,13.6,0,1
15.19,599.0,0,30,1,0.669,13.8,1,0
3.61,429.0,0,22,0,0.517,23.2,1,1
7.99,435.0,0,28,5,0.361,3.4,1,0
17.24,684.0,0,39,4,0.445,8.9,1,0
9.19,263.0,0,48,7,0.685,13.2,1,0
4.08,145.0,0,48,3,0.829,36.6,1,1
16.8,499.0,0,26,3,0.204,20.7,1,0
1.49,192.0,0,33,1,0.842,47.2,1,1
1.28,603.0,0,39,2,0.241,11.4,1,1
0.25,822.0,0,44,4,0.503,21.8,1,1
2.63,419.0,0,35,2,0.508,14.4,1,1
0.58,175.0,0,34,0,0.436,18.5,1,1
0.48,321.0,0,28,1,0.743,6.4,1,1
3.07,512.0,0,18,2,0.309,1.8,1,1
0.95,676.0,0,36,0,0.454,1.5,1,1
0.22,436.0,0,19,4,0.761,31.0,0,0
3.25,613.0,0,35,5,0.542,18.8,1,1
2.13,98.0,0,45,1,0.529,9.9,1,1
0.49,-1.0,1,37,1,0.309,20.1,0,0
2.0,178.0,0,25,5,0.219,39.7,0,0
0.56,812.0,0,43,1,0.627,69.9,0,1
0.04,-1.0,1,27,5,0.84,14.4,1,0
4.71,398.0,0,37,3,0.294,64.3,0,0
9.66,558.0,0,41,4,0.612,23.4,1,0
2.82,410.0,0,49,7,0.229,10.7,0,1
7.05,257.0,0,34,4,0.291,23.1,0,0
0.42,893.0,0,23,0,0.457,38.2,0,0
13.38,163.0,0,52,3,0.367,45.0,1,1
3.81,-1.0,1,23,1,0.787,6.5,1,1
4.02,560.0,0,29,5,0.652,12.8,1,1
6.82,411.0,0,33,5,0.699,15.7,0,0
10.49,224.0,0,18,4,0.18,9.6,1,1
4.88,788.0,0,43,2,0.575,6.1,0,1
5.0,529.0,0,40,4,0.182,15.3,1,0
2.24,364.0,0,41,3,0.077,42.5,1,1
10.57,555.0,0,34,2,0.754,2.2,0,0
18.42,121.0,0,18,5,0.59,20.1,1,1
9.96,335.0,0,21,6,0.67,15.6,1,1
2.81,389.0,0,33,3,0.649,2.4,1,0
2.01,570.0,0,55,2,0.506,7.0,1,0
4.05,239.0,0,43,7,0.371,4.2,1,1
5.07,784.0,0,27,6,0.626,5.8,1,1
0.19,572.0,0,47,2,0.555,10.4,0,1
9.69,199.0,0,38,5,0.441,30.3,0,0
3.35,749.0,0,38,5,0.568,13.1,1,1
0.61,742.0,0,29,3,0.666,3.9,1,1
8.93,175.0,0,22,3,0.649,29.7,0,0
0.2,536.0,0,33,5,0.433,0.2,1,0
8.6,698.0,0,34,3,0.278,24.3,1,0
0.76,336.0,0,18,0,0.291,2.6,0,0
12.84,-1.0,1,25,2,0.708,12.5,1,0
9.2,826.0,0,33,3,0.021,27.5,1,1
6.15,-1.0,1,44,5,0.386,3.7,1,1
5.74,471.0,0,25,1,0.189,143.3,1,0
1.75,320.0,0,23,2,0.252,4.3,1,1
0.78,417.0,0,28,3,0.472,31.4,1,0
0.4,130.0,0,41,2,0.308,20.6,1,1
3.61,-1.0,1,28,8,0.435,37.1,1,1
1.03,808.0,0,29,3,0.589,22.2,1,0
15.57,780.0,0,33,2,0.279,4.6,1,0
1.19,661.0,0,26,2,0.626,48.2,1,0
13.29,-1.0,1,18,1,0.526,3.5,0,0
16.22,667.0,0,27,3,0.876,55.2,0,0
12.69,94.0,0,18,3,0.687,0.8,1,0
3.44,207.0,0,24,2,0.147,37.0,0,0
0.98,719.0,0,24,3,0.676,27.5,1,1
7.61,789.0,0,61,0,0.373,15.7,0,0
12.25,797.0,0,28,4,0.287,83.7,1,0
14.12,-1.0,1,37,0,0.407,16.0,1,0
2.45,320.0,0,36,7,0.309,17.6,0,1
3.7,147.0,0,40,5,0.058,0.9,0,1
0.99,487.0,0,18,7,0.527,8.3,1,1
0.59,-1.0,1,34,5,0.471,20.3,1,1
12.29,562.0,0,36,4,0.051,25.9,1,1
2.39,396.0,0,32,1,0.679,157.7,0,0
10.64,594.0,0,21,2,0.653,14.6,0,0
17.37,-1.0,1,23,4,0.584,54.6,0,0
5.27,366.0,0,49,1,0.467,23.4,1,1
26.42,365.0,0,29,1,0.587,8.3,1,1
11.63,813.0,0,18,2,0.14,25.9,1,0
5.99,675.0,0,35,5,0.411,85.9,1,0
6.22,-1.0,1,31,6,0.176,2.9,0,0
5.56,235.0,0,28,2,0.875,10.3,1,1
33.5,648.0,0,28,1,0.184,22.9,1,0
2.88,647.0,0,39,4,0.209,39.2,0,0
29.59,540.0,0,30,0,0.692,9.8,1,1
3.22,548.0,0,40,3,0.426,24.8,0,0
7.83,178.0,0,18,7,0.589,87.9,1,1
0.01,644.0,0,18,4,0.57,35.2,1,0
0.36,503.0,0,37,3,0.275,26.6,1,1
8.47,340.0,0,30,1,0.486,74.4,1,1
12.39,142.0,0,56,0,0.124,9.3,1,0
3.69,875.0,0,19,0,0.416,15.1,0,0
4.11,804.0,0,35,5,0.446,27.7,1,1
6.9,203.0,0,22,3,0.542,27.1,1,1
3.01,189.0,0,43,2,0.73,38.4,1,0
0.27,745.0,0,40,2,0.653,6.8,1,1
10.14,117.0,0,37,1,0.717,26.1,0,0
26.0,235.0,0,18,1,0.375,9.0,0,0
3.34,174.0,0,44,2,0.044,51.5,1,0
15.51,632.0,0,37,5,0.459,4.4,1,1
6.03,311.0,0,43,0,0.527,18.2,0,0
4.05,-1.0,1,28,3,0.133,0.0,0,0
4.28,807.0,0,32,4,0.732,32.8,0,0
4.22,612.0,0,52,3,0.616,40.9,1,1
6.34,-1.0,1,36,6,0.245,18.7,1,0
5.1,267.0,0,26,0,0.15,58.4,1,0
4.06,645.0,0,18,2,0.523,2.0,1,1
6.27,223.0,0,31,4,0.594,17.9,1,1
1.46,-1.0,1,26,3,0.525,22.1,1,0
8.29,532.0,0,50,1,0.217,54.1,1,0
2.12,497.0,0,26,3,0.52,2.1,0,1
15.21,874.0,0,37,4,0.422,14.6,1,0
7.98,723.0,0,18,0,0.681,25.4,0,0
10.74,459.0,0,40,5,0.301,5.4,1,1
13.78,441.0,0,46,1,0.696,6.9,0,1
6.28,638.0,0,34,5,0.755,17.0,1,0
18.67,503.0,0,18,0,0.388,1.2,0,1
9.41,788.0,0,35,4,0.505,22.0,1,0
10.2,143.0,0,30,2,0.323,2.8,1,0
10.94,635.0,0,32,3,0.496,28.4,0,0
13.64,-1.0,1,43,5,0.262,7.8,1,0
2.12,150.0,0,18,3,0.323,14.2,1,0
8.17,510.0,0,18,4,0.845,44.3,0,0
16.44,769.0,0,34,1,0.162,11.3,1,1
1.34,-1.0,1,35,5,0.73,64.7,1,0
5.83,247.0,0,31,1,0.736,52.1,1,1
0.77,776.0,0,18,2,0.528,4.4,1,0
6.51,735.0,0,37,4,0.764,4.5,1,1
6.41,700.0,0,29,4,0.481,1.8,1,1
2.29,457.0,0,33,4,0.315,14.4,1,0
9.57,527.0,0,35,1,0.658,8.8,1,0
6.5,256.0,0,27,4,0.209,31.7,1,0
4.48,-1.0,1,50,2,0.606,67.6,0,0
10.04,482.0,0,35,6,0.918,11.7,0,1
0.65,808.0,0,40,4,0.516,67.8,0,0
10.68,756.0,0,20,2,0.485,44.1,0,0
6.32,326.0,0,51,1,0.115,4.7,0,0
2.35,337.0,0,26,4,0.674,30.1,0,0
6.65,645.0,0,44,2,0.699,23.9,1,1
4.77,551.0,0,39,7,0.645,35.9,0,0
6.16,386.0,0,21,3,0.26,15.3,1,0
0.65,455.0,0,33,4,0.267,34.7,1,1
2.89,-1.0,1,34,3,0.625,3.7,1,1
5.25,530.0,0,46,5,0.682,17.6,1,1
2.45,486.0,0,19,1,0.505,12.2,0,0
2.31,351.0,0,23,4,0.973,6.3,1,0
2.35,425.0,0,18,4,0.267,23.5,0,0
3.41,468.0,0,44,1,0.683,21.9,1,1
7.75,422.0,0,47,4,0.413,20.0,1,1
5.65,109.0,0,40,3,0.459,29.6,0,0
3.48,611.0,0,18,3,0.236,8.2,1,1
1.54,821.0,0,43,6,0.604,7.8,0,1
1.66,634.0,0,18,3,0.39,6.7,0,1
2.86,555.0,0,45,4,0.505,16.8,1,0
1.06,166.0,0,30,2,0.736,11.6,1,1
0.16,890.0,0,35,2,0.953,14.4,0,0
7.1,801.0,0,27,1,0.552,4.3,1,0
2.3,449.0,0,30,1,0.497,15.6,1,0
0.12,886.0,0,44,3,0.254,3.9,1,0
7.22,-1.0,1,27,5,0.319,68.1,1,0
5.64,596.0,0,29,4,0.381,70.8,0,0
4.94,515.0,0,32,3,0.539,25.8,1,0
13.55,-1.0,1,31,7,0.539,19.7,1,0
15.25,186.0,0,23,2,0.453,2.3,0,1
9.19,691.0,0,42,4,0.247,32.9,1,0
2.7,558.0,0,19,2,0.684,3.1,0,0
0.8,430.0,0,43,0,0.388,14.7,1,1
7.54,299.0,0,25,3,0.598,16.5,1,1
12.43,658.0,0,52,4,0.715,10.6,1,1
31.61,235.0,0,28,3,0.412,61.4,1,1
6.3,-1.0,1,31,4,0.501,21.0,1,1
4.24,683.0,0,24,2,0.444,8.5,0,0
0.8,706.0,0,30,3,0.795,33.3,1,0
4.61,222.0,0,25,2,0.856,5.2,0,0
0.93,463.0,0,33,3,0.822,15.0,1,1
6.63,752.0,0,18,1,0.634,21.4,1,1
5.68,-1.0,1,24,3,0.207,36.6,1,0
2.02,123.0,0,40,3,0.823,14.0,1,1
5.99,178.0,0,22,3,0.537,23.6,1,1
2.01,201.0,0,29,2,0.876,24.7,0,1
6.78,357.0,0,26,2,0.643,5.1,1,0
0.33,356.0,0,21,3,0.442,15.9,1,0
29.08,531.0,0,27,1,0.487,19.8,0,0
9.43,-1.0,1,23,1,0.029,76.4,1,0
1.82,415.0,0,48,3,0.202,18.7,0,0
17.01,543.0,0,44,2,0.331,12.0,0,1
3.01,355.0,0,27,2,0.553,5.9,1,0
0.34,843.0,0,40,4,0.587,18.2,1,1
20.02,784.0,0,43,4,0.728,7.6,0,0
12.97,666.0,0,32,2,0.533,39.8,0,0
0.29,558.0,0,18,1,0.185,14.4,0,0
1.24,650.0,0,30,4,0.696,32.5,1,1
10.34,562.0,0,41,4,0.636,27.2,0,0
12.53,448.0,0,39,2,0.161,29.4,0,1
7.45,430.0,0,29,5,0.525,53.4,1,1
0.19,837.0,0,36,4,0.572,14.6,1,0
6.29,805.0,0,38,4,0.38,28.3,1,0
10.47,376.0,0,28,2,0.253,19.0,1,0
2.86,540.0,0,34,1,0.301,1.2,1,1
14.8,637.0,0,29,6,0.791,13.2,1,0
12.87,164.0,0,24,4,0.579,24.8,1,1
1.09,250.0,0,34,2,0.789,41.8,0,1
5.05,140.0,0,50,3,0.379,10.0,0,0
0.41,667.0,0,22,3,0.51,36.6,0,1
5.85,890.0,0,51,1,0.917,38.6,1,1
5.71,-1.0,1,38,2,0.575,16.7,0,0
1.28,509.0,0,38,2,0.166,9.5,1,0
2.06,575.0,0,31,2,0.485,15.6,0,0
3.15,234.0,0,24,2,0.42,25.7,1,0
6.93,586.0,0,20,2,0.465,20.1,1,0
10.8,575.0,0,23,2,0.41,51.1,1,1
3.91,220.0,0,53,3,0.248,37.8,1,0
1.13,-1.0,1,21,4,0.603,12.1,1,0
8.76,428.0,0,55,5,0.48,24.7,1,0
0.07,547.0,0,32,1,0.397,10.2,0,1
17.53,144.0,0,41,5,0.75,6.3,1,1
5.55,304.0,0,42,0,0.357,1.4,1,0
11.04,276.0,0,29,10,0.916,22.8,1,1
0.86,843.0,0,39,0,0.813,13.9,1,1
1.66,630.0,0,27,2,0.121,51.2,1,0
6.5,393.0,0,21,3,0.698,6.9,1,0
3.44,360.0,0,33,4,0.588,15.5,1,1
8.92,379.0,0,54,4,0.737,13.0,1,1
4.77,461.0,0,30,6,0.474,10.1,1,1
2.26,807.0,0,25,2,0.841,17.9,1,0
2.08,643.0,0,56,3,0.49,11.2,0,0
5.35,596.0,0,23,2,0.43,4.1,1,1
7.74,99.0,0,42,2,0.789,35.8,1,1
6.63,659.0,0,27,4,0.626,2.7,1,1
6.01,741.0,0,40,3,0.362,6.2,1,0
3.47,410.0,0,29,6,0.511,44.7,0,0
4.02,310.0,0,31,2,0.88,37.5,0,0
10.96,670.0,0,36,3,0.379,84.8,1,1
1.46,429.0,0,34,6,0.669,11.0,1,1
3.75,326.0,0,43,4,0.269,12.2,1,0
20.54,719.0,0,30,2,0.511,49.5,1,1
3.63,211.0,0,39,4,0.352,20.2,1,1
1.52,209.0,0,27,2,0.764,38.7,1,0
5.42,694.0,0,21,4,0.509,5.3,1,1
0.93,837.0,0,35,6,0.643,95.4,1,0
1.75,726.0,0,44,2,0.386,1.8,1,1
1.52,-1.0,1,28,5,0.552,55.2,1,1
14.2,-1.0,1,28,6,0.589,100.8,1,0
9.16,100.0,0,20,3,0.345,5.2,1,1
7.2,-1.0,1,31,4,0.906,31.5,1,1
2.19,388.0,0,32,4,0.269,16.9,0,0
10.31,690.0,0,31,3,0.217,17.1,0,0
0.29,185.0,0,31,3,0.083,30.9,1,0
0.21,373.0,0,41,2,0.366,31.6,1,1
13.58,605.0,0,32,4,0.402,5.3,1,1
4.18,183.0,0,18,6,0.451,26.4,0,0
2.96,-1.0,1,21,3,0.524,12.2,1,0
6.88,-1.0,1,47,3,0.741,56.7,1,0
1.37,536.0,0,37,1,0.389,9.9,1,0
0.15,621.0,0,49,2,0.259,13.1,1,0
0.43,-1.0,1,31,5,0.709,14.8,1,1
16.61,-1.0,1,20,2,0.248,25.2,1,1
0.22,708.0,0,34,1,0.122,2.9,1,0
2.03,284.0,0,42,0,0.481,19.4,1,1
1.19,477.0,0,18,2,0.367,102.3,1,0
5.91,237.0,0,19,2,0.322,8.5,0,0
1.88,860.0,0,33,2,0.53,20.2,1,1
2.9,-1.0,1,38,5,0.951,19.6,0,0
15.1,688.0,0,29,4,0.446,97.0,1,0
0.13,268.0,0,18,1,0.789,13.7,0,0
0.83,777.0,0,39,2,0.423,4.8,0,0
4.98,639.0,0,27,2,0.588,13.1,1,1
0.95,287.0,0,29,2,0.266,118.8,1,0
3.03,375.0,0,33,0,0.555,25.2,0,1
6.05,173.0,0,35,6,0.447,31.9,0,0
7.98,472.0,0,23,5,0.402,12.6,1,1
17.43,-1.0,1,24,1,0.37,88.5,1,0
5.15,408.0,0,36,4,0.694,46.5,0,1
2.34,-1.0,1,41,3,0.691,10.0,0,1
4.59,687.0,0,18,2,0.429,14.7,1,0
3.58,800.0,0,28,6,0.196,37.6,1,0
2.07,430.0,0,40,1,0.721,58.6,1,1
15.51,460.0,0,18,0,0.21,2.2,1,0
3.64,685.0,0,27,4,0.57,18.4,1,0
2.91,540.0,0,18,2,0.317,37.1,0,0
11.48,215.0,0,29,2,0.723,1.9,1,1
2.08,772.0,0,23,3,0.42,67.3,0,0
2.27,331.0,0,36,3,0.742,0.0,0,0
20.93,632.0,0,18,5,0.438,13.3,1,1
8.11,525.0,0,36,3,0.456,34.8,1,0
15.63,491.0,0,18,3,0.656,29.6,1,1
2.47,281.0,0,26,3,0.228,15.2,0,0
4.96,-1.0,1,20,4,0.173,4.2,1,1
2.31,398.0,0,41,1,0.549,29.2,1,1
0.49,-1.0,1,45,2,0.258,8.4,0,0
2.05,122.0,0,43,2,0.646,3.6,1,0
4.54,407.0,0,24,4,0.576,6.9,1,0
12.22,395.0,0,50,2,0.93,3.3,1,1
1.36,355.0,0,44,2,0.867,17.5,1,1
0.39,-1.0,1,28,0,0.832,29.0,1,1
2.46,537.0,0,40,4,0.075,0.1,1,1
4.08,363.0,0,18,2,0.212,14.4,1,1
7.45,306.0,0,31,3,0.444,88.5,1,1
3.24,149.0,0,25,6,0.609,35.9,1,1
4.39,256.0,0,50,2,0.592,56.0,1,1
0.37,525.0,0,21,4,0.858,24.6,1,1
32.76,802.0,0,56,3,0.357,12.6,0,0
1.82,256.0,0,41,6,0.767,54.9,0,0
7.24,-1.0,1,35,1,0.297,8.0,0,0
31.29,684.0,0,33,5,0.594,4.7,1,0
17.56,676.0,0,18,3,0.642,29.3,1,0
5.94,821.0,0,26,2,0.65,51.1,0,0
2.7,-1.0,1,32,4,0.539,1.6,1,1
8.03,706.0,0,23,4,0.703,14.3,1,1
3.74,444.0,0,26,3,0.297,5.4,1,1
5.87,610.0,0,28,6,0.476,15.8,0,1
3.33,699.0,0,19,4,0.66,9.0,1,1
2.55,579.0,0,24,3,0.197,3.7,1,0
21.49,517.0,0,29,2,0.871,4.0,1,0
0.72,637.0,0,29,1,0.351,1.2,1,1
0.38,764.0,0,42,2,0.337,84.4,1,0
8.21,683.0,0,50,4,0.066,29.4,0,0
9.26,340.0,0,31,4,0.18,17.3,0,0
5.99,496.0,0,41,3,0.472,53.5,0,1
10.66,422.0,0,52,4,0.592,82.5,1,0
0.44,218.0,0,36,2,0.258,7.3,1,1
1.15,416.0,0,42,5,0.139,23.8,1,0
6.74,693.0,0,18,2,0.531,51.1,1,0
1.23,834.0,0,38,3,0.523,27.4,1,0
4.58,-1.0,1,30,3,0.236,6.2,1,1
2.54,740.0,0,45,5,0.559,1.8,1,0
8.04,258.0,0,37,1,0.801,69.4,0,0
1.67,448.0,0,38,4,0.515,21.3,1,0
12.05,444.0,0,34,3,0.444,10.2,0,0
1.57,809.0,0,19,3,0.525,18.3,0,0
1.02,622.0,0,43,2,0.503,11.5,1,1
10.75,255.0,0,23,2,0.444,23.4,1,1
13.74,179.0,0,25,4,0.253,35.5,1,0
20.95,882.0,0,27,2,0.528,7.9,1,0
11.66,385.0,0,29,3,0.633,17.9,1,1
0.71,343.0,0,29,4,0.941,11.2,1,1
15.18,494.0,0,38,0,0.456,24.4,0,0
17.34,622.0,0,18,4,0.129,5.8,0,1
13.3,253.0,0,44,5,0.601,23.5,1,0
10.77,105.0,0,22,3,0.189,86.6,1,0
5.89,540.0,0,33,3,0.312,16.5,1,0
0.74,137.0,0,31,4,0.202,10.3,0,1
1.57,874.0,0,47,2,0.719,1.7,1,1
7.48,562.0,0,26,1,0.72,60.5,0,0
2.06,680.0,0,35,5,0.787,13.8,1,1
2.43,-1.0,1,39,2,0.594,59.2,0,0
3.95,-1.0,1,18,3,0.494,21.4,1,1
2.7,246.0,0,23,0,0.564,27.9,1,0
10.43,161.0,0,20,4,0.207,28.6,1,0
3.11,418.0,0,27,4,0.564,17.4,0,1
3.05,-1.0,1,20,5,0.567,12.4,0,0
2.44,281.0,0,28,1,0.659,0.3,1,1
1.4,633.0,0,44,3,0.735,9.3,0,1
0.49,329.0,0,24,3,0.369,8.0,1,1
4.44,432.0,0,18,3,0.33,24.6,0,0
8.48,882.0,0,18,5,0.662,15.8,0,0
18.97,146.0,0,23,6,0.727,6.0,0,0
8.66,858.0,0,22,4,0.666,60.6,0,0
2.84,-1.0,1,48,4,0.653,123.9,1,0
7.46,840.0,0,37,2,0.292,38.1,1,0
7.66,692.0,0,30,4,0.841,26.1,1,0
3.6,479.0,0,36,3,0.106,85.1,1,0
30.14,786.0,0,34,3,0.417,52.5,1,1
18.5,843.0,0,26,2,0.649,15.7,0,1
1.96,372.0,0,37,1,0.201,1.8,1,1
2.36,835.0,0,35,2,0.302,63.8,1,1
3.07,740.0,0,22,3,0.59,4.0,1,0
11.82,838.0,0,38,1,0.688,29.3,0,0
1.52,844.0,0,21,4,0.488,25.1,0,0
0.67,289.0,0,43,6,0.524,29.7,0,1
2.44,761.0,0,39,4,0.729,8.7,1,1
13.81,219.0,0,35,4,0.202,29.9,1,1
0.2,380.0,0,35,3,0.393,1.9,1,0
6.15,327.0,0,25,4,0.66,42.6,1,1
1.79,604.0,0,40,1,0.396,36.0,1,1
5.18,886.0,0,25,2,0.666,21.4,1,1
4.82,753.0,0,25,3,0.352,23.6,1,1
0.26,-1.0,1,39,1,0.358,10.0,1,0
12.24,391.0,0,44,1,0.364,1.5,1,1
0.41,-1.0,1,34,3,0.817,8.3,1,1
1.6,437.0,0,37,3,0.287,4.8,0,0
1.08,-1.0,1,34,5,0.241,6.3,1,1
7.23,896.0,0,33,2,0.367,72.3,1,0
1.12,889.0,0,24,1,0.767,4.4,1,1
2.15,836.0,0,21,3,0.129,0.5,1,0
5.27,150.0,0,34,2,0.177,23.6,1,0
24.88,810.0,0,28,5,0.573,2.5,0,0
7.75,139.0,0,23,2,0.111,5.0,1,0
9.33,-1.0,1,33,1,0.262,3.3,1,1
12.57,322.0,0,26,4,0.284,19.9,1,1
1.4,210.0,0,39,5,0.745,5.3,0,0
2.41,341.0,0,18,4,0.104,23.6,1,1
1.58,106.0,0,24,1,0.612,17.9,0,0
1.57,168.0,0,32,2,0.932,20.1,1,1
6.13,737.0,0,18,3,0.668,52.0,1,1
2.53,223.0,0,18,4,0.151,34.2,1,1
1.11,663.0,0,33,3,0.229,44.5,0,0
0.99,547.0,0,34,2,0.724,57.8,1,0
8.0,-1.0,1,46,3,0.737,13.2,0,1
3.96,289.0,0,20,3,0.285,17.1,1,1
0.57,775.0,0,40,3,0.38,34.3,0,0
8.72,495.0,0,35,0,0.564,1.7,1,0
4.82,429.0,0,20,0,0.642,31.6,0,1
5.77,-1.0,1,26,6,0.711,0.1,0,0
12.96,605.0,0,20,1,0.517,5.5,1,0
11.93,-1.0,1,33,1,0.545,62.8,1,1
4.71,-1.0,1,45,3,0.386,19.6,1,1
2.64,489.0,0,28,1,0.208,4.8,1,1
0.9,535.0,0,18,3,0.71,21.3,1,0
5.9,122.0,0,21,0,0.363,23.1,1,1
4.84,571.0,0,36,1,0.392,12.7,0,1
0.55,767.0,0,25,1,0.82,46.9,1,1
1.25,736.0,0,32,4,0.894,6.2,0,0
0.16,850.0,0,27,4,0.673,4.4,0,1
11.01,844.0,0,21,4,0.372,30.5,0,0
0.08,118.0,0,20,5,0.219,49.3,1,0
14.58,293.0,0,39,5,0.756,14.9,1,1
2.42,114.0,0,26,4,0.719,19.8,1,1
6.43,166.0,0,24,3,0.21,20.5,0,0
2.75,-1.0,1,36,1,0.495,22.7,0,1
8.94,332.0,0,18,3,0.48,0.6,1,0
34.02,847.0,0,36,5,0.816,30.3,1,0
3.37,390.0,0,23,1,0.436,21.0,1,0
39.66,847.0,0,26,3,0.632,11.3,0,0
22.13,607.0,0,18,4,0.232,1.5,1,0
0.18,531.0,0,42,3,0.176,65.3,1,0
4.27,-1.0,1,18,3,0.431,82.0,1,0
5.03,826.0,0,21,4,0.492,1.9,1,1
0.55,468.0,0,36,4,0.359,42.6,1,0
3.47,643.0,0,32,3,0.731,58.3,1,1
7.56,791.0,0,24,1,0.518,29.3,1,0
4.8,538.0,0,39,4,0.603,2.0,1,1
5.97,715.0,0,31,7,0.712,3.6,1,1
5.34,522.0,0,36,5,0.722,29.0,0,1
2.82,675.0,0,31,8,0.478,39.9,1,0
1.9,656.0,0,27,2,0.012,1.4,1,1
25.53,845.0,0,33,2,0.56,32.5,1,1
1.07,796.0,0,30,3,0.061,11.9,1,0
7.6,209.0,0,36,2,0.643,14.8,0,0
13.37,534.0,0,18,4,0.338,7.8,0,0
5.37,529.0,0,22,0,0.618,11.8,1,1
6.35,110.0,0,38,9,0.343,6.6,0,0
3.04,747.0,0,30,2,0.26,17.8,1,0
10.64,872.0,0,18,6,0.834,29.9,1,1
1.35,838.0,0,21,2,0.092,1.4,0,0
12.04,108.0,0,44,5,0.682,7.1,1,1
6.45,-1.0,1,23,3,0.415,8.2,1,0
0.89,654.0,0,57,2,0.492,33.9,1,1
11.94,294.0,0,44,2,0.352,25.2,0,0
15.34,622.0,0,27,2,0.506,1.1,1,0
9.22,313.0,0,35,3,0.305,14.2,1,0
16.26,834.0,0,38,4,0.665,32.0,0,0
0.73,749.0,0,21,1,0.692,8.3,0,0
7.89,310.0,0,41,0,0.601,3.3,1,0
1.61,635.0,0,51,3,0.144,17.4,1,0
10.53,113.0,0,46,6,0.16,0.6,1,0
1.99,675.0,0,27,3,0.419,23.2,1,0
4.71,-1.0,1,31,3,0.962,86.4,1,0
6.49,178.0,0,32,2,0.445,1.2,1,1
2.15,180.0,0,39,1,0.697,126.2,1,1
4.35,-1.0,1,33,1,0.349,9.2,1,1
0.12,216.0,0,39,3,0.563,94.3,0,0
3.27,313.0,0,36,6,0.552,36.6,0,0
6.27,482.0,0,37,3,0.764,12.5,0,0
6.62,566.0,0,33,6,0.573,2.9,1,0
2.69,538.0,0,43,2,0.439,38.5,1,0
3.66,-1.0,1,25,2,0.087,22.1,0,0
5.67,648.0,0,44,1,0.322,43.4,0,0
3.56,572.0,0,18,5,0.608,19.8,0,0
4.83,666.0,0,30,4,0.175,18.2,1,1
0.57,687.0,0,50,2,0.591,6.2,1,1
14.11,727.0,0,39,8,0.451,0.0,1,1
12.47,92.0,0,19,3,0.317,29.3,1,1
10.18,886.0,0,30,2,0.621,5.9,1,0
0.12,874.0,0,38,1,0.138,2.1,1,1
0.74,382.0,0,32,6,0.474,16.8,1,0
6.74,688.0,0,26,3,0.656,52.4,0,1
0.47,628.0,0,38,5,0.53,59.2,0,0
2.95,507.0,0,23,5,0.555,4.2,1,1
4.85,108.0,0,23,0,0.427,23.6,1,1
3.05,260.0,0,30,8,0.59,46.1,0,0
4.72,361.0,0,32,5,0.64,3.5,1,1
6.09,856.0,0,36,6,0.675,40.9,1,1
14.77,462.0,0,18,3,0.886,3.9,1,0
0.98,844.0,0,48,5,0.888,1.1,1,0
12.17,543.0,0,34,4,0.962,8.6,1,1
1.6,-1.0,1,25,2,0.461,36.1,1,1
5.64,591.0,0,33,3,0.522,29.0,1,1
7.78,622.0,0,45,3,0.226,0.2,1,0
20.89,171.0,0,24,4,0.292,28.8,1,0
13.75,-1.0,1,26,2,0.768,27.4,1,1
9.58,-1.0,1,34,3,0.097,6.1,1,0
6.28,278.0,0,42,2,0.471,81.6,1,0
4.64,750.0,0,36,1,0.247,32.7,0,0
0.36,329.0,0,30,3,0.609,49.9,0,0
1.98,438.0,0,18,2,0.347,18.7,1,0
9.22,360.0,0,36,3,0.456,31.3,1,0
3.17,-1.0,1,23,3,0.785,9.8,1,1
8.17,177.0,0,35,3,0.378,18.3,1,1
0.94,467.0,0,18,2,0.126,17.3,0,1
5.61,533.0,0,33,4,0.697,32.8,1,1
0.19,360.0,0,31,4,0.294,44.1,0,0
1.47,771.0,0,45,3,0.558,11.1,1,1
5.94,799.0,0,29,2,0.198,57.4,1,1
12.18,494.0,0,18,4,0.731,10.4,1,0
2.28,710.0,0,41,5,0.474,9.4,1,1
8.06,388.0,0,18,1,0.6,1.7,1,0
1.03,205.0,0,26,3,0.261,8.5,0,0
1.5,807.0,0,52,1,0.481,25.6,1,0
6.29,349.0,0,25,1,0.56,2.1,1,1
4.14,299.0,0,25,5,0.656,4.9,1,0
2.34,869.0,0,24,2,0.5,34.2,1,0
1.31,473.0,0,32,1,0.577,19.4,1,1
20.27,176.0,0,33,3,0.568,63.4,1,0
0.02,188.0,0,27,4,0.463,1.4,0,0
0.91,99.0,0,34,4,0.733,42.6,1,1
3.25,324.0,0,42,6,0.497,38.6,1,1
1.59,248.0,0,18,3,0.63,0.4,1,1
0.13,893.0,0,37,2,0.484,19.8,0,1
15.19,-1.0,1,18,5,0.538,15.1,1,0
10.29,440.0,0,39,3,0.102,79.6,1,0
3.22,-1.0,1,45,2,0.453,17.2,0,0
3.24,589.0,0,28,1,0.305,18.3,1,0
1.21,-1.0,1,44,4,0.388,32.4,1,1
1.74,378.0,0,40,4,0.296,8.4,1,1
2.65,648.0,0,44,5,0.64,66.5,0,1
0.42,142.0,0,18,0,0.89,17.8,1,1
5.31,805.0,0,43,2,0.814,25.6,1,0
1.58,821.0,0,29,2,0.351,79.4,0,0
5.11,869.0,0,31,3,0.536,12.9,1,0
11.53,316.0,0,29,5,0.621,61.4,1,1
6.19,440.0,0,28,2,0.779,29.9,1,1
4.22,520.0,0,26,2,0.261,24.5,0,0
0.12,562.0,0,23,3,0.467,11.4,1,1
6.83,616.0,0,31,3,0.62,19.5,1,1
0.92,378.0,0,31,4,0.151,44.3,1,0
9.42,450.0,0,28,5,0.503,29.7,0,1
3.34,220.0,0,42,0,0.727,1.3,1,1
7.61,301.0,0,34,6,0.17,65.4,0,0
22.01,-1.0,1,29,6,0.165,7.4,0,0
5.02,325.0,0,29,3,0.258,39.7,1,0
4.26,211.0,0,21,1,0.198,58.0,1,0
0.91,241.0,0,31,1,0.332,12.2,0,0
1.32,261.0,0,18,3,0.426,45.2,0,0
22.13,580.0,0,19,2,0.65,9.9,1,0
5.89,240.0,0,18,4,0.411,17.7,0,0
17.57,273.0,0,42,5,0.176,97.1,1,0
3.71,-1.0,1,38,5,0.224,9.1,0,1
2.4,511.0,0,31,5,0.486,8.9,1,1
0.57,197.0,0,42,4,0.272,28.7,1,0
1.06,789.0,0,23,5,0.22,21.6,0,0
16.09,-1.0,1,30,2,0.693,19.7,1,0
7.47,645.0,0,31,3,0.495,38.0,1,0
5.11,337.0,0,22,3,0.253,29.9,0,1
9.32,399.0,0,32,3,0.306,5.9,0,0
1.53,-1.0,1,21,4,0.432,10.7,0,1
1.3,286.0,0,38,2,0.663,25.2,1,1
0.34,822.0,0,31,3,0.396,5.1,0,0
1.28,307.0,0,41,4,0.505,1.3,1,1
0.36,409.0,0,31,4,0.987,4.4,1,1
0.36,93.0,0,32,1,0.463,32.9,1,0
0.88,270.0,0,32,2,0.745,7.5,0,0
11.25,-1.0,1,31,2,0.246,15.4,1,0
8.79,673.0,0,39,2,0.482,34.4,0,0
0.01,553.0,0,23,3,0.534,9.0,1,1
5.45,98.0,0,21,0,0.843,21.1,1,1
5.73,512.0,0,31,1,0.886,22.5,0,0
5.18,-1.0,1,30,3,0.502,12.2,1,1
16.21,514.0,0,18,2,0.403,21.1,0,0
0.57,864.0,0,50,1,0.43,33.4,1,0
0.68,481.0,0,32,5,0.299,37.3,0,0
11.84,412.0,0,36,2,0.554,12.4,0,1
2.31,853.0,0,25,2,0.479,11.1,0,1
19.6,314.0,0,46,2,0.817,59.9,1,1
5.39,100.0,0,38,1,0.144,4.5,1,0
0.43,503.0,0,25,3,0.316,24.1,1,0
7.8,472.0,0,52,4,0.473,34.3,1,0
4.04,363.0,0,23,2,0.132,4.1,1,0
13.22,616.0,0,33,2,0.236,6.8,1,1
6.07,701.0,0,41,4,0.62,40.1,1,1
23.02,630.0,0,37,5,0.169,21.7,0,0
0.28,627.0,0,33,2,0.468,18.9,0,1
6.17,841.0,0,37,2,0.68,58.0,0,0
1.72,727.0,0,18,5,0.285,69.0,0,0
9.28,523.0,0,24,4,0.796,15.7,1,1
3.09,192.0,0,29,3,0.552,12.9,1,1
5.93,323.0,0,40,3,0.684,11.6,0,1
1.16,808.0,0,48,4,0.263,6.2,0,0
21.17,516.0,0,28,5,0.29,3.4,1,0
12.07,503.0,0,46,2,0.167,71.0,0,0
10.03,826.0,0,33,1,0.571,15.6,1,1
1.73,362.0,0,21,3,0.418,27.4,0,0
0.07,681.0,0,18,1,0.462,22.1,0,0
7.24,768.0,0,26,3,0.511,57.4,1,1
0.59,-1.0,1,24,4,0.306,24.0,0,1
1.29,645.0,0,48,2,0.33,15.1,1,1
4.4,852.0,0,18,4,0.792,42.2,1,1
1.01,-1.0,1,18,1,0.521,9.0,1,1
3.77,744.0,0,26,4,0.402,4.8,1,0
1.16,890.0,0,23,3,0.887,29.9,1,0
0.18,366.0,0,56,3,0.344,7.5,1,1
9.04,758.0,0,18,2,0.697,26.1,0,1
11.42,663.0,0,27,6,0.738,0.4,1,1
3.81,224.0,0,45,3,0.567,18.9,1,0
0.73,436.0,0,31,4,0.669,1.0,0,1
2.17,310.0,0,33,3,0.429,13.3,0,0
2.61,881.0,0,34,1,0.241,32.9,1,0
5.45,581.0,0,51,2,0.771,7.2,1,0
3.23,794.0,0,49,10,0.687,11.6,1,1
3.15,284.0,0,38,2,0.123,122.4,1,1
8.89,614.0,0,27,3,0.342,24.5,1,1
0.02,215.0,0,28,5,0.826,21.5,0,0
24.49,154.0,0,22,4,0.583,20.7,1,0
2.47,681.0,0,38,1,0.635,22.6,1,1
0.76,-1.0,1,18,2,0.838,3.1,1,1
5.77,784.0,0,27,4,0.089,6.9,1,0
1.87,729.0,0,40,3,0.58,1.0,0,0
2.88,583.0,0,22,3,0.12,28.4,1,0
1.76,-1.0,1,18,2,0.171,8.5,1,0
7.81,322.0,0,32,5,0.544,25.4,0,0
0.32,157.0,0,32,2,0.352,1.4,1,0
10.0,-1.0,1,42,3,0.73,8.2,1,0
9.53,477.0,0,46,5,0.421,1.4,1,1
5.44,396.0,0,18,2,0.396,1.8,1,0
1.96,317.0,0,41,4,0.232,10.8,1,1
8.46,766.0,0,40,5,0.772,58.5,1,0
5.52,-1.0,1,34,2,0.609,16.1,1,0
0.03,239.0,0,33,3,0.658,8.3,1,1
6.61,-1.0,1,31,3,0.468,5.3,1,1
11.15,851.0,0,26,6,0.134,43.4,0,1
27.45,717.0,0,18,6,0.737,21.2,0,0
0.15,277.0,0,21,5,0.439,28.1,1,1
0.68,563.0,0,18,5,0.363,37.3,0,0
0.78,352.0,0,31,4,0.847,13.2,1,1
1.57,163.0,0,18,4,0.445,22.8,1,1
7.35,-1.0,1,23,2,0.106,26.1,1,1
1.78,431.0,0,35,3,0.542,1.0,1,1
1.79,725.0,0,45,2,0.053,33.8,1,1
7.73,728.0,0,34,4,0.546,1.8,1,0
7.34,-1.0,1,18,1,0.407,70.0,1,1
5.61,838.0,0,29,4,0.855,9.1,1,0
4.71,-1.0,1,39,2,0.791,40.6,0,1
5.2,699.0,0,18,2,0.44,50.0,1,0
6.33,408.0,0,18,3,0.607,26.5,1,1
7.14,620.0,0,34,3,0.434,12.3,1,0
5.01,806.0,0,18,3,0.91,16.2,1,1
1.77,236.0,0,41,3,0.566,30.8,1,0
1.75,-1.0,1,48,5,0.507,2.5,1,1
4.47,764.0,0,38,3,0.286,2.3,1,1
4.36,385.0,0,38,3,0.303,26.1,1,0
3.28,863.0,0,42,2,0.205,5.6,1,1
9.7,447.0,0,37,2,0.597,6.0,1,0
6.89,595.0,0,29,5,0.222,63.0,0,0
13.74,797.0,0,35,2,0.823,1.9,1,1
2.0,370.0,0,19,4,0.545,157.0,1,0
6.18,807.0,0,32,1,0.637,32.1,1,1
10.91,213.0,0,42,1,0.496,37.1,0,1
1.79,242.0,0,36,1,0.858,15.6,0,0
2.91,130.0,0,44,3,0.221,13.8,1,0
4.17,807.0,0,18,4,0.456,52.0,0,0
2.35,-1.0,1,32,4,0.214,0.8,1,0
1.57,-1.0,1,31,4,0.562,8.0,1,1
20.08,426.0,0,28,2,0.698,1.1,0,0
5.69,-1.0,1,39,2,0.655,13.5,1,0
5.07,-1.0,1,25,1,0.613,10.1,1,0
0.98,535.0,0,21,3,0.916,40.1,0,1
9.42,-1.0,1,32,3,0.372,43.8,1,0
13.66,154.0,0,20,2,0.255,29.7,1,1
1.38,772.0,0,20,3,0.83,41.2,0,1
4.27,344.0,0,28,5,0.408,30.9,1,1
4.09,611.0,0,47,0,0.298,9.0,1,0
0.91,324.0,0,28,2,0.153,71.9,1,0
0.14,873.0,0,32,2,0.696,19.1,1,1
9.74,499.0,0,27,6,0.199,23.5,0,0
6.54,229.0,0,34,1,0.549,34.0,1,0
0.24,-1.0,1,40,3,0.257,17.3,1,0
5.91,891.0,0,36,7,0.702,13.8,1,1
7.8,406.0,0,28,3,0.071,58.4,1,0
8.24,502.0,0,26,2,0.224,53.8,1,0
0.36,833.0,0,32,4,0.346,39.7,1,1
1.28,865.0,0,21,3,0.264,35.2,0,0
1.36,415.0,0,20,1,0.068,20.2,1,0
4.31,815.0,0,19,2,0.572,55.3,1,1
4.49,-1.0,1,45,1,0.806,7.2,1,1
6.01,458.0,0,18,1,0.807,6.2,1,1
23.17,284.0,0,52,8,0.416,11.9,0,0
7.12,837.0,0,29,0,0.603,40.8,0,0
2.15,690.0,0,37,5,0.508,19.6,1,1
1.98,523.0,0,40,3,0.624,8.5,1,1
4.89,340.0,0,44,3,0.27,31.3,1,0
1.64,670.0,0,28,1,0.54,12.7,1,0
1.14,130.0,0,32,4,0.565,10.8,1,1
1.26,608.0,0,45,4,0.609,6.9,0,1
6.18,703.0,0,34,3,0.747,34.7,1,0
3.61,528.0,0,27,4,0.798,17.3,0,1
2.99,578.0,0,22,3,0.627,91.8,0,1
0.07,791.0,0,39,0,0.213,29.7,1,0
0.26,588.0,0,32,3,0.317,10.4,1,0
1.96,206.0,0,20,2,0.538,32.0,0,0
1.19,838.0,0,26,3,0.033,8.8,1,1
4.96,519.0,0,24,4,0.376,23.0,0,0
11.31,897.0,0,18,3,0.512,10.4,1,0
1.57,442.0,0,18,1,0.433,48.4,1,1
14.0,145.0,0,24,3,0.85,73.6,1,1
0.2,293.0,0,24,3,0.163,43.6,1,1
3.57,125.0,0,29,3,0.202,5.8,1,1
1.17,865.0,0,29,3,0.578,14.6,1,1
4.68,793.0,0,45,3,0.566,39.4,1,0
1.74,534.0,0,40,4,0.049,0.7,0,0
5.49,614.0,0,36,2,0.491,5.4,0,0
0.55,269.0,0,26,2,0.375,176.4,1,0
2.76,803.0,0,29,5,0.53,79.0,1,1
2.89,-1.0,1,28,4,0.83,45.3,1,1
6.2,-1.0,1,33,3,0.424,8.3,1,1
0.79,504.0,0,48,3,0.615,17.3,1,1
2.31,658.0,0,30,6,0.442,0.6,1,0
7.95,-1.0,1,46,3,0.304,13.4,1,1
23.84,118.0,0,35,5,0.456,29.6,0,0
7.83,-1.0,1,33,2,0.341,83.4,0,0
5.86,639.0,0,34,0,0.667,31.3,1,0
1.48,741.0,0,47,1,0.604,0.2,1,1
17.08,854.0,0,22,1,0.939,80.8,0,1
10.43,209.0,0,26,3,0.434,33.8,0,0
3.26,399.0,0,21,3,0.428,2.5,1,1
7.32,892.0,0,19,4,0.62,26.9,1,1
2.3,371.0,0,28,5,0.312,26.8,0,0
3.62,624.0,0,26,6,0.527,29.4,1,0
4.15,689.0,0,28,3,0.975,27.9,1,1
2.82,488.0,0,37,4,0.65,10.1,1,1
5.2,463.0,0,37,4,0.261,4.3,1,1
5.17,-1.0,1,45,2,0.514,51.8,0,0
5.82,501.0,0,19,2,0.335,8.2,1,0
2.99,101.0,0,18,4,0.452,13.5,1,1
6.19,257.0,0,20,4,0.505,22.0,0,0
10.5,-1.0,1,27,5,0.847,27.4,1,1
3.73,813.0,0,55,2,0.206,4.7,1,0
2.47,321.0,0,24,8,0.542,5.3,1,1
2.92,120.0,0,18,3,0.384,33.3,0,0
1.72,-1.0,1,31,2,0.325,0.0,1,0
10.0,425.0,0,35,4,0.669,67.7,0,0
1.4,510.0,0,20,7,0.49,46.7,1,1
11.71,645.0,0,40,4,0.475,5.1,1,1
5.61,829.0,0,47,4,0.185,12.3,1,1
4.03,368.0,0,25,3,0.178,12.5,0,1
5.53,-1.0,1,24,1,0.697,15.6,0,0
4.76,236.0,0,44,5,0.247,0.7,1,1
20.54,782.0,0,32,1,0.167,43.4,0,0
8.31,-1.0,1,18,3,0.575,20.5,1,1
8.44,475.0,0,30,5,0.756,20.8,1,0
6.5,696.0,0,43,3,0.945,3.2,1,1
4.64,551.0,0,33,3,0.9,19.6,0,0
0.96,323.0,0,19,5,0.632,58.5,0,0
17.97,218.0,0,32,4,0.784,3.5,1,1
3.14,-1.0,1,32,0,0.543,0.6,1,0
1.05,744.0,0,19,4,0.778,148.0,1,0
0.16,-1.0,1,22,3,0.192,0.8,1,0
1.62,99.0,0,32,2,0.78,22.5,0,1
0.16,151.0,0,30,2,0.237,1.0,0,0
5.46,783.0,0,33,7,0.285,15.7,0,1
13.99,814.0,0,34,3,0.397,17.3,0,0
22.7,-1.0,1,40,2,0.517,20.5,1,0
15.25,535.0,0,22,1,0.642,33.1,1,1
6.7,-1.0,1,33,2,0.284,32.3,1,1
0.93,332.0,0,30,5,0.332,14.5,1,1
12.37,744.0,0,30,1,0.752,18.7,1,0
4.14,822.0,0,18,0,0.677,18.5,0,0
9.11,443.0,0,35,2,0.663,25.2,0,0
2.12,566.0,0,36,1,0.234,30.9,1,0
7.12,520.0,0,40,1,0.527,26.4,1,1
4.21,435.0,0,41,1,0.282,3.0,1,1
2.74,750.0,0,25,3,0.572,19.7,1,1
4.52,529.0,0,42,2,0.723,89.4,1,0
2.98,432.0,0,39,2,0.424,1.2,1,1
3.18,334.0,0,28,3,0.424,10.5,1,1
12.88,-1.0,1,33,4,0.218,9.1,1,0
7.57,171.0,0,51,1,0.335,14.4,1,1
1.8,441.0,0,35,4,0.777,93.5,1,0
9.33,133.0,0,32,8,0.885,1.9,0,1
0.12,173.0,0,36,3,0.162,45.5,1,0
1.24,289.0,0,42,0,0.866,8.5,1,0
0.06,210.0,0,18,1,0.399,1.2,1,1
2.82,668.0,0,33,1,0.695,33.7,1,0
0.36,-1.0,1,24,3,0.837,6.8,1,1
10.49,629.0,0,26,2,0.701,5.8,1,1
0.27,619.0,0,32,2,0.54,9.3,1,1
6.51,373.0,0,37,4,0.776,26.0,1,1
0.9,759.0,0,22,0,0.733,41.4,1,0
1.07,690.0,0,23,4,0.38,2.1,1,0
4.5,-1.0,1,29,3,0.814,6.3,0,0
0.01,-1.0,1,45,5,0.641,26.2,1,1
4.93,666.0,0,38,4,0.561,44.8,0,0
1.62,323.0,0,29,2,0.758,13.5,0,1
6.28,710.0,0,30,4,0.211,2.4,1,0
7.61,-1.0,1,31,2,0.852,0.5,1,1
3.89,590.0,0,42,6,0.648,14.4,1,1
15.9,-1.0,1,18,6,0.788,69.3,0,0
2.02,-1.0,1,21,3,0.416,8.9,1,0
0.95,799.0,0,42,1,0.575,39.4,1,0
8.0,489.0,0,43,3,0.564,6.1,1,1
3.82,125.0,0,30,5,0.214,30.6,1,0
0.17,270.0,0,41,3,0.902,5.8,1,1
3.82,121.0,0,31,6,0.161,4.9,1,0
10.48,382.0,0,26,2,0.555,0.9,1,0
1.82,570.0,0,21,4,0.512,53.4,1,1
8.25,820.0,0,25,5,0.129,16.6,1,0
5.6,405.0,0,47,1,0.163,0.3,1,1
1.64,399.0,0,27,3,0.627,9.8,1,0
0.26,-1.0,1,34,4,0.389,1.8,1,1
6.35,147.0,0,19,4,0.774,21.4,1,1
7.96,-1.0,1,20,3,0.866,12.7,1,1
3.33,752.0,0,36,4,0.411,10.5,1,1
0.67,-1.0,1,20,0,0.46,3.5,0,1
2.21,375.0,0,32,3,0.661,17.3,0,1
0.96,534.0,0,22,2,0.404,6.7,1,1
0.07,339.0,0,37,3,0.783,22.4,1,1
4.39,228.0,0,31,5,0.736,4.2,0,0
2.23,-1.0,1,28,3,0.928,9.0,1,1
1.04,219.0,0,49,3,0.456,37.1,1,1
25.42,127.0,0,20,3,0.447,7.8,1,0
2.37,-1.0,1,18,3,0.146,8.4,1,0
0.6,538.0,0,37,2,0.232,2.4,0,0
2.34,515.0,0,34,4,0.687,28.8,0,1
13.28,337.0,0,24,0,0.55,22.2,1,1
4.37,183.0,0,47,4,0.387,17.4,1,1
7.12,237.0,0,21,1,0.081,12.7,1,1
4.56,141.0,0,30,2,0.491,25.4,0,0
0.38,380.0,0,57,2,0.233,118.3,1,0
19.17,527.0,0,38,2,0.379,20.3,0,0
0.63,364.0,0,18,2,0.515,91.0,1,0
3.65,230.0,0,27,4,0.505,12.3,0,0
1.78,353.0,0,33,2,0.456,27.7,1,0
2.9,740.0,0,31,2,0.676,2.2,1,0
2.41,345.0,0,24,0,0.54,43.8,1,0
7.86,612.0,0,29,3,0.804,13.2,1,1
5.05,378.0,0,29,2,0.496,2.7,1,1
0.72,821.0,0,27,1,0.444,75.2,1,1
1.92,174.0,0,18,4,0.791,18.7,1,0
2.26,879.0,0,60,4,0.658,48.7,1,1
9.93,731.0,0,19,2,0.206,0.8,0,0
6.34,467.0,0,49,1,0.265,40.6,1,0
5.67,302.0,0,20,5,0.819,2.0,1,1
9.88,571.0,0,41,4,0.548,6.7,1,1
10.88,344.0,0,33,4,0.626,23.2,1,1
0.68,-1.0,1,36,2,0.395,45.8,1,1
0.49,509.0,0,53,5,0.6,9.2,1,0
1.35,499.0,0,24,3,0.645,13.4,1,0
1.01,423.0,0,29,2,0.602,23.1,0,1
10.6,200.0,0,18,6,0.466,1.1,1,0
3.38,224.0,0,30,3,0.773,8.6,1,0
1.28,483.0,0,33,3,0.157,20.5,1,1
3.12,149.0,0,18,4,0.733,8.2,1,1
0.28,818.0,0,29,1,0.697,40.3,0,1
5.8,424.0,0,19,6,0.653,96.1,1,0
3.32,290.0,0,39,7,0.577,8.2,1,1
3.59,311.0,0,30,5,0.669,17.5,1,1
2.07,718.0,0,26,2,0.57,12.4,1,1
5.11,266.0,0,21,4,0.213,9.7,1,1
3.02,847.0,0,34,3,0.748,12.7,0,0
11.03,696.0,0,37,3,0.343,26.0,1,1
0.02,470.0,0,18,6,0.199,15.5,1,0
0.38,531.0,0,53,5,0.107,31.8,1,0
3.3,442.0,0,42,4,0.253,15.6,0,0
0.33,795.0,0,24,2,0.462,24.2,0,0
18.79,-1.0,1,38,1,0.679,59.1,1,0
1.41,-1.0,1,38,2,0.511,3.2,0,1
1.73,721.0,0,21,4,0.406,5.3,1,1
1.4,-1.0,1,24,3,0.851,32.4,1,1
6.36,461.0,0,41,2,0.895,2.9,1,1
1.56,543.0,0,42,4,0.288,14.4,1,1
4.01,280.0,0,33,4,0.774,33.3,0,0
4.69,758.0,0,23,2,0.242,13.9,0,0
1.02,851.0,0,18,7,0.663,24.5,1,1
2.08,-1.0,1,23,3,0.673,8.0,1,1
0.53,801.0,0,33,3,0.463,16.1,0,1
1.0,830.0,0,53,4,0.491,15.4,0,1
7.25,508.0,0,23,2,0.29,40.5,1,0
0.84,-1.0,1,19,2,0.276,3.9,1,0
3.75,710.0,0,23,3,0.524,3.4,1,1
7.01,-1.0,1,30,4,0.537,1.4,1,1
0.57,338.0,0,37,3,0.061,4.3,1,1
3.92,134.0,0,20,2,0.821,25.0,1,0
0.21,-1.0,1,39,2,0.413,38.8,1,1
0.07,488.0,0,35,4,0.333,11.1,1,1
0.4,539.0,0,32,1,0.53,11.2,1,1
4.83,174.0,0,41,3,0.614,19.0,1,1
6.37,670.0,0,18,4,0.912,11.1,1,1
11.54,650.0,0,38,1,0.282,29.1,0,0
5.84,499.0,0,33,3,0.416,34.1,0,0
5.95,-1.0,1,18,2,0.173,71.3,1,0
2.45,628.0,0,39,2,0.533,1.9,1,1
0.4,432.0,0,46,3,0.899,20.6,1,1
10.12,-1.0,1,44,5,0.376,9.6,1,1
3.3,579.0,0,24,2,0.401,7.5,1,1
1.1,789.0,0,21,2,0.735,25.1,1,1
0.15,702.0,0,45,4,0.226,1.5,0,1
5.56,355.0,0,36,2,0.796,4.6,0,0
3.94,657.0,0,18,5,0.434,18.0,1,0
5.45,499.0,0,41,4,0.476,9.1,1,1
9.62,671.0,0,43,4,0.536,4.0,0,0
5.47,-1.0,1,31,4,0.425,57.9,1,0
2.72,-1.0,1,29,7,0.52,51.9,1,1
2.94,868.0,0,41,2,0.535,5.7,1,1
11.66,766.0,0,49,6,0.17,19.4,1,1
0.46,492.0,0,18,5,0.61,8.3,1,1
5.72,123.0,0,30,3,0.524,25.5,1,1
4.2,-1.0,1,35,2,0.509,7.7,1,0
15.19,289.0,0,39,2,0.374,7.3,1,1
5.16,-1.0,1,35,6,0.636,24.2,1,1
3.08,745.0,0,41,3,0.466,69.6,0,0
0.89,519.0,0,19,2,0.411,1.2,1,0
2.51,275.0,0,35,2,0.12,28.9,1,1
13.85,317.0,0,36,2,0.216,119.8,1,0
0.32,843.0,0,51,6,0.437,23.9,0,0
8.58,453.0,0,37,3,0.122,15.5,0,0
8.41,398.0,0,32,5,0.699,46.0,1,1
1.21,341.0,0,36,3,0.727,28.4,1,1
0.11,277.0,0,18,4,0.813,9.0,0,1
6.86,382.0,0,18,1,0.669,3.1,1,0
0.42,257.0,0,33,2,0.735,30.6,1,1
6.0,475.0,0,25,0,0.829,39.9,1,0
4.72,390.0,0,29,3,0.259,7.5,0,0
1.16,280.0,0,24,2,0.651,3.5,1,1
4.5,255.0,0,34,2,0.417,75.8,0,0
0.05,328.0,0,28,5,0.373,10.8,0,1
7.02,-1.0,1,31,1,0.504,1.3,1,0
0.64,153.0,0,43,3,0.693,6.3,1,1
8.06,94.0,0,48,1,0.475,3.3,1,0
8.27,-1.0,1,18,4,0.442,9.0,1,0
17.96,632.0,0,43,0,0.694,14.3,1,1
8.75,400.0,0,38,2,0.341,10.3,0,0
0.25,-1.0,1,23,3,0.405,11.3,0,1
21.76,-1.0,1,40,1,0.736,1.6,0,0
0.89,209.0,0,33,1,0.535,20.6,1,1
2.43,713.0,0,32,2,0.378,35.6,1,1
6.6,827.0,0,34,0,0.822,3.1,1,1
1.61,-1.0,1,27,1,0.071,4.0,1,0
0.64,112.0,0,18,2,0.393,5.0,1,1
16.81,240.0,0,29,7,0.396,18.5,1,0
1.8,746.0,0,37,3,0.389,4.2,1,0
11.82,757.0,0,26,5,0.477,2.5,0,1
0.73,540.0,0,25,4,0.416,18.4,0,1
8.9,814.0,0,40,2,0.531,43.6,1,1
5.06,441.0,0,29,4,0.269,50.9,1,1
4.66,733.0,0,63,1,0.622,80.3,0,0
13.51,222.0,0,35,1,0.163,21.3,1,0
18.52,-1.0,1,51,2,0.234,6.9,1,0
14.06,336.0,0,26,1,0.723,7.1,1,1
4.07,735.0,0,18,5,0.075,6.2,1,1
2.8,288.0,0,38,2,0.6,15.7,0,1
16.57,575.0,0,34,2,0.83,25.7,1,1
7.4,384.0,0,18,5,0.53,26.9,0,0
3.94,892.0,0,23,3,0.536,5.5,0,0
10.21,748.0,0,42,3,0.679,4.5,0,1
2.65,225.0,0,37,5,0.336,25.0,0,1
6.55,-1.0,1,37,2,0.168,39.2,0,0
1.47,-1.0,1,43,4,0.698,60.4,0,0
9.09,-1.0,1,40,1,0.359,22.8,1,0
2.04,882.0,0,18,5,0.173,6.4,1,0
15.02,466.0,0,20,2,0.527,35.3,1,1
10.61,397.0,0,49,1,0.5,19.7,0,0
8.29,368.0,0,18,2,0.361,9.2,1,1
1.94,371.0,0,18,3,0.272,17.1,1,0
2.83,529.0,0,36,4,0.142,67.0,1,1
2.4,737.0,0,18,3,0.166,17.2,0,0
1.03,346.0,0,22,3,0.448,35.8,0,0
0.36,456.0,0,30,0,0.66,36.4,0,0
3.94,666.0,0,42,2,0.514,21.7,0,0
0.31,406.0,0,26,4,0.659,99.4,1,1
2.31,-1.0,1,35,2,0.063,51.7,1,1
6.06,-1.0,1,40,3,0.65,6.2,1,1
0.6,-1.0,1,33,2,0.63,3.3,0,0
17.24,741.0,0,37,1,0.709,0.7,1,0
5.6,885.0,0,18,2,0.753,25.7,1,0
1.04,445.0,0,43,3,0.65,36.4,1,1
3.51,885.0,0,19,1,0.817,12.5,0,0
3.32,684.0,0,47,3,0.591,32.7,1,0
2.2,197.0,0,42,4,0.568,46.4,1,1
5.06,430.0,0,28,4,0.302,4.7,1,0
4.69,-1.0,1,21,3,0.27,6.9,1,1
7.94,797.0,0,45,3,0.76,24.8,1,1
14.1,-1.0,1,47,2,0.503,6.1,1,1
2.93,233.0,0,21,6,0.267,7.9,1,0
0.7,818.0,0,34,2,0.726,54.9,1,1
1.4,525.0,0,47,2,0.136,21.4,1,1
1.94,431.0,0,40,5,0.417,50.4,1,0
3.18,400.0,0,20,3,0.255,60.6,0,0
13.46,-1.0,1,23,4,0.142,36.7,0,0
36.56,385.0,0,41,3,0.632,8.4,1,1
1.95,573.0,0,37,2,0.599,20.4,1,1
2.45,133.0,0,45,4,0.78,3.9,1,1
1.82,374.0,0,36,3,0.365,3.3,1,1
3.21,808.0,0,34,6,0.454,2.0,1,1
14.01,-1.0,1,43,2,0.206,61.1,0,0
0.39,748.0,0,34,4,0.919,25.1,1,1
20.96,576.0,0,38,1,0.65,72.9,1,0
29.41,235.0,0,21,5,0.404,12.8,1,0
4.75,127.0,0,36,4,0.409,11.2,1,1
2.02,703.0,0,25,4,0.348,58.7,1,1
24.31,379.0,0,44,4,0.378,8.0,0,0
25.48,294.0,0,43,1,0.761,6.0,0,1
8.99,325.0,0,32,2,0.553,65.2,0,0
0.68,574.0,0,31,2,0.394,6.6,1,0
1.95,739.0,0,29,3,0.725,5.0,1,1
8.76,639.0,0,36,0,0.314,93.4,1,0
2.87,-1.0,1,43,7,0.551,7.6,1,1
4.41,419.0,0,38,1,0.68,10.3,1,1
14.1,160.0,0,23,3,0.777,10.6,1,1
2.45,-1.0,1,18,1,0.611,4.7,1,0
1.7,107.0,0,23,1,0.819,3.7,1,0
6.78,473.0,0,32,2,0.565,45.5,0,0
11.08,778.0,0,24,5,0.443,34.5,1,1
0.48,-1.0,1,18,3,0.67,23.6,1,1
13.82,394.0,0,39,2,0.748,48.2,1,0
0.43,510.0,0,35,4,0.268,59.0,1,0
7.2,128.0,0,23,3,0.271,53.6,1,1
8.11,165.0,0,32,5,0.627,5.1,1,1
4.24,790.0,0,41,3,0.594,75.5,1,1
6.63,861.0,0,41,1,0.611,77.7,1,0
4.77,-1.0,1,26,5,0.113,6.3,0,0
16.46,185.0,0,31,1,0.262,3.6,1,0
6.75,322.0,0,31,3,0.427,56.4,1,1
7.5,324.0,0,32,6,0.441,10.2,1,1
3.48,865.0,0,37,3,0.707,17.9,1,1
10.0,407.0,0,30,3,0.354,11.1,1,0
3.08,556.0,0,27,2,0.644,3.5,1,1
13.21,499.0,0,23,2,0.206,18.6,1,0
5.72,893.0,0,40,3,0.109,1.4,1,0
0.54,711.0,0,29,2,0.547,17.6,0,0
4.53,713.0,0,31,5,0.628,56.4,0,0
1.64,477.0,0,34,2,0.795,11.9,1,0
2.66,-1.0,1,19,2,0.217,23.1,0,1
2.81,105.0,0,38,3,0.725,9.5,1,1
6.26,584.0,0,18,3,0.122,3.2,1,0
9.06,777.0,0,22,5,0.315,83.8,1,0
9.07,306.0,0,37,0,0.267,46.2,1,0
0.64,402.0,0,23,2,0.363,2.7,1,0
2.42,799.0,0,24,0,0.23,9.1,1,1
0.87,654.0,0,25,3,0.506,46.4,0,0
8.7,309.0,0,36,3,0.274,87.3,1,1
0.06,160.0,0,18,6,0.47,0.7,0,0
5.94,117.0,0,38,3,0.178,26.8,1,0
0.31,889.0,0,32,3,0.5,15.6,1,1
3.14,294.0,0,42,4,0.097,5.2,0,1
4.44,125.0,0,20,5,0.214,4.6,1,1
9.53,406.0,0,44,5,0.787,29.0,1,0
1.46,660.0,0,34,2,0.379,9.9,1,0
0.55,711.0,0,60,4,0.482,0.5,1,1
13.46,566.0,0,32,1,0.918,14.3,0,1
0.89,159.0,0,39,5,0.14,46.7,1,0
0.92,321.0,0,27,2,0.315,19.8,0,0
0.56,644.0,0,34,6,0.923,21.0,1,1
4.91,463.0,0,30,4,0.214,35.4,1,0
12.73,795.0,0,43,1,0.679,2.5,1,0
8.03,307.0,0,37,6,0.411,36.0,1,0
0.16,-1.0,1,38,6,0.35,9.2,0,0
38.56,-1.0,1,28,0,0.297,13.4,0,0
1.85,572.0,0,21,2,0.479,60.0,0,0
6.85,341.0,0,19,2,0.667,4.7,1,0
10.25,-1.0,1,45,1,0.293,20.9,0,0
5.55,651.0,0,18,7,0.494,21.5,1,0
0.72,93.0,0,32,3,0.523,40.3,1,0
10.21,-1.0,1,21,4,0.713,13.9,1,1
4.93,-1.0,1,24,5,0.291,6.1,0,1
19.2,398.0,0,22,3,0.144,18.6,0,0
2.47,724.0,0,31,1,0.113,8.8,0,0
1.1,585.0,0,37,4,0.391,13.1,1,0
3.19,794.0,0,26,1,0.535,15.2,1,1
10.91,612.0,0,34,0,0.848,6.6,1,1
6.69,-1.0,1,18,1,0.513,27.0,1,0
7.18,154.0,0,22,1,0.5,42.6,0,0
4.11,-1.0,1,22,2,0.642,16.3,1,1
1.45,-1.0,1,32,2,0.349,28.7,1,1
7.94,440.0,0,50,4,0.255,0.3,0,0
7.01,882.0,0,43,6,0.425,7.4,0,0
2.75,540.0,0,27,1,0.373,19.7,0,0
1.43,814.0,0,35,3,0.332,10.0,1,1
0.62,510.0,0,40,2,0.346,6.8,1,1
5.81,516.0,0,34,4,0.471,94.7,1,1
0.4,598.0,0,44,3,0.225,3.0,1,0
5.51,605.0,0,46,5,0.527,26.6,1,1
29.18,553.0,0,34,5,0.744,89.9,0,0
2.18,-1.0,1,43,3,0.338,21.9,1,1
0.05,691.0,0,36,2,0.799,28.4,1,0
2.02,-1.0,1,42,3,0.281,63.9,1,0
0.17,681.0,0,37,1,0.349,28.7,1,1
0.07,-1.0,1,27,1,0.293,18.6,1,1
2.73,627.0,0,31,5,0.629,49.6,1,1
6.14,-1.0,1,31,5,0.317,18.3,1,1
8.18,127.0,0,50,3,0.347,111.2,0,0
0.45,873.0,0,26,2,0.478,17.0,1,1
1.05,709.0,0,36,5,0.309,5.5,0,1
5.1,-1.0,1,21,4,0.571,4.7,1,1
1.03,176.0,0,36,6,0.292,21.5,1,0
5.08,440.0,0,34,4,0.554,9.8,1,1
4.06,401.0,0,39,1,0.272,9.5,1,1
6.22,769.0,0,18,2,0.625,43.9,1,1
7.75,735.0,0,30,1,0.497,12.7,0,1
9.1,582.0,0,30,1,0.061,15.6,0,0
18.1,710.0,0,28,3,0.507,2.1,1,1
4.08,-1.0,1,23,4,0.825,33.7,0,1
1.63,386.0,0,20,3,0.177,27.3,1,1
15.47,541.0,0,36,4,0.241,2.8,0,1
8.27,830.0,0,18,5,0.963,59.8,1,1
0.77,826.0,0,35,3,0.889,2.0,1,1
9.53,120.0,0,26,5,0.461,3.7,1,1
9.77,493.0,0,24,3,0.827,10.7,0,0
6.66,-1.0,1,33,5,0.607,71.8,0,1
39.47,360.0,0,35,3,0.529,1.5,0,0
17.47,469.0,0,22,3,0.801,49.5,1,1
5.11,322.0,0,19,3,0.496,16.3,1,1
2.44,570.0,0,47,4,0.501,42.9,1,1
1.71,91.0,0,42,4,0.417,18.1,0,1
4.17,523.0,0,45,1,0.47,1.1,1,0
16.31,165.0,0,45,2,0.432,14.1,0,1
5.19,837.0,0,43,2,0.801,18.7,1,1
12.84,249.0,0,44,3,0.789,2.3,1,1
0.8,589.0,0,32,3,0.103,2.9,1,1
3.62,543.0,0,18,3,0.573,7.3,1,1
3.72,266.0,0,41,5,0.508,20.2,0,0
8.21,274.0,0,31,3,0.021,27.2,1,1
1.81,544.0,0,18,2,0.834,13.7,1,1
6.26,620.0,0,54,4,0.64,9.6,1,1
2.32,533.0,0,32,1,0.819,132.4,1,0
0.75,516.0,0,33,4,0.421,40.4,1,1
0.04,324.0,0,49,5,0.308,5.2,1,1
4.84,822.0,0,20,4,0.209,3.3,0,1
0.14,729.0,0,37,0,0.742,39.8,1,1
1.87,97.0,0,18,4,0.625,11.6,0,0
0.01,513.0,0,33,1,0.558,30.3,0,1
2.69,-1.0,1,46,2,0.102,34.5,1,0
0.57,624.0,0,39,3,0.259,8.6,1,1
3.35,865.0,0,43,1,0.518,48.7,0,0
7.33,573.0,0,38,4,0.45,35.7,0,0
14.89,660.0,0,34,2,0.684,7.5,0,1
15.11,372.0,0,31,1,0.795,8.4,0,0
6.01,826.0,0,44,2,0.732,9.4,1,1
30.37,480.0,0,26,4,0.242,39.0,1,1
0.44,400.0,0,31,1,0.67,42.2,1,0
3.13,507.0,0,36,1,0.1,10.5,0,0
16.24,590.0,0,36,3,0.798,4.4,1,1
0.55,761.0,0,18,3,0.423,9.5,0,1
1.96,-1.0,1,28,2,0.797,68.9,0,1
6.48,157.0,0,32,4,0.2,4.2,0,1
5.02,597.0,0,28,5,0.441,19.3,0,1
12.95,770.0,0,38,1,0.48,53.0,1,0
1.09,200.0,0,29,4,0.394,12.5,0,1
0.25,-1.0,1,25,3,0.363,16.9,0,0
3.49,-1.0,1,38,5,0.79,14.2,1,1
5.98,797.0,0,20,3,0.145,40.0,1,0
28.32,318.0,0,25,2,0.711,1.8,1,1
4.77,181.0,0,42,2,0.19,17.7,1,0
5.01,489.0,0,34,2,0.378,50.9,1,1
5.94,102.0,0,48,4,0.768,18.4,1,1
1.28,-1.0,1,22,2,0.574,41.1,1,0
11.41,168.0,0,20,4,0.438,18.0,1,1
5.07,316.0,0,23,1,0.661,27.6,1,1
1.28,616.0,0,36,5,0.297,29.4,0,0
17.35,274.0,0,19,5,0.883,20.6,0,1
13.84,437.0,0,22,0,0.72,37.0,0,1
9.84,890.0,0,27,5,0.42,17.2,0,0
13.51,740.0,0,23,4,0.836,3.4,1,1
8.11,-1.0,1,23,1,0.867,2.0,1,1
2.55,-1.0,1,41,0,0.54,10.8,1,1
2.0,899.0,0,27,4,0.254,30.2,1,0
6.37,223.0,0,19,3,0.569,100.6,1,1
9.04,880.0,0,31,2,0.742,0.5,0,0
2.69,120.0,0,23,3,0.291,13.4,0,1
10.59,453.0,0,49,1,0.942,28.0,1,1
3.15,674.0,0,30,1,0.16,0.9,1,0
1.81,-1.0,1,23,3,0.533,14.2,0,1
2.79,249.0,0,29,3,0.215,39.2,1,0
5.16,469.0,0,25,3,0.935,5.9,1,1
2.43,261.0,0,41,5,0.747,1.7,1,1
10.68,466.0,0,33,5,0.751,44.4,1,1
6.97,826.0,0,43,4,0.387,11.5,0,0
2.24,375.0,0,29,2,0.619,31.1,0,0
2.99,639.0,0,18,1,0.759,58.7,1,1
4.35,-1.0,1,27,1,0.517,79.7,1,0
6.88,427.0,0,18,3,0.848,37.4,0,1
4.57,458.0,0,24,5,0.236,59.8,1,1
11.13,781.0,0,45,3,0.789,52.8,0,0
2.01,308.0,0,24,2,0.538,16.6,0,0
0.02,624.0,0,40,7,0.496,21.8,1,1
9.33,-1.0,1,32,6,0.317,72.2,1,1
6.73,668.0,0,33,2,0.366,48.5,1,0
5.4,699.0,0,44,4,0.677,42.2,1,0
2.11,143.0,0,56,3,0.612,3.5,1,1
0.61,849.0,0,21,3,0.51,24.8,1,0
1.1,725.0,0,35,2,0.398,64.1,0,0
1.34,187.0,0,50,3,0.279,16.5,1,0
8.4,260.0,0,32,4,0.447,8.2,1,0
2.09,-1.0,1,39,5,0.53,11.4,1,1
0.46,711.0,0,41,4,0.247,6.1,1,1
4.07,470.0,0,47,2,0.953,12.2,1,0
14.73,329.0,0,36,2,0.55,13.2,0,0
0.86,432.0,0,26,2,0.568,10.9,1,1
5.25,199.0,0,31,2,0.29,8.6,1,0
6.79,279.0,0,41,6,0.246,2.1,1,1
5.95,588.0,0,24,2,0.856,31.0,0,0
9.21,884.0,0,24,2,0.888,4.7,0,1
5.97,340.0,0,33,3,0.261,15.4,1,0
3.48,273.0,0,38,1,0.24,47.6,0,0
1.53,-1.0,1,18,2,0.577,54.6,1,0
0.46,227.0,0,25,4,0.795,0.9,1,1
3.07,332.0,0,28,2,0.385,10.0,1,0
2.95,194.0,0,24,4,0.777,1.6,0,1
10.04,-1.0,1,42,3,0.391,53.0,0,0
12.42,-1.0,1,29,2,0.502,2.1,1,1
8.04,799.0,0,43,3,0.389,28.9,1,0
6.72,-1.0,1,33,4,0.928,13.1,1,1
0.75,229.0,0,28,7,0.387,12.2,0,0
11.1,-1.0,1,37,3,0.308,5.1,1,1
13.5,-1.0,1,18,4,0.529,0.8,1,0
2.77,660.0,0,27,6,0.851,60.9,1,1
16.31,509.0,0,35,2,0.629,11.4,1,1
5.66,602.0,0,26,8,0.694,17.3,1,1
2.23,602.0,0,39,4,0.657,20.0,1,1
0.23,602.0,0,40,2,0.352,6.1,0,0
12.57,-1.0,1,37,1,0.429,41.3,1,0
0.25,296.0,0,25,5,0.401,11.3,1,1
0.1,-1.0,1,20,2,0.568,9.8,1,0
11.12,131.0,0,35,2,0.211,28.5,1,1
4.03,97.0,0,40,2,0.357,19.2,1,1
5.85,365.0,0,37,2,0.77,70.6,1,1
0.04,-1.0,1,29,4,0.861,18.8,1,1
12.43,320.0,0,33,3,0.107,6.1,1,1
2.01,634.0,0,28,4,0.554,6.7,0,0
7.0,-1.0,1,26,1,0.856,4.6,1,0
26.0,284.0,0,18,2,0.154,33.1,1,1
1.86,160.0,0,44,2,0.413,28.2,1,1
2.74,371.0,0,41,6,0.763,7.3,0,1
4.88,-1.0,1,18,4,0.477,9.0,1,1
1.13,792.0,0,19,3,0.551,107.4,0,0
17.63,520.0,0,47,1,0.079,28.2,1,0
2.89,877.0,0,31,6,0.322,24.8,1,1
4.81,413.0,0,40,4,0.774,24.9,1,1
7.36,644.0,0,36,4,0.178,26.8,1,1
5.78,-1.0,1,18,4,0.567,5.0,1,0
18.34,631.0,0,32,6,0.576,11.3,0,0
1.19,327.0,0,24,1,0.06,36.5,1,0
3.74,451.0,0,24,3,0.304,45.5,0,0
1.32,830.0,0,18,3,0.764,26.7,1,1
0.31,231.0,0,28,4,0.765,16.8,1,1
3.48,784.0,0,37,1,0.353,72.0,0,0
2.84,147.0,0,30,2,0.783,2.5,0,0
3.12,552.0,0,39,4,0.546,26.4,1,1
6.31,863.0,0,39,4,0.234,18.5,1,1
0.79,313.0,0,30,6,0.458,4.6,1,1
0.31,595.0,0,37,3,0.461,2.5,0,1
1.11,601.0,0,46,2,0.108,34.3,1,0
7.55,556.0,0,22,4,0.654,17.7,1,1
5.82,819.0,0,37,0,0.513,22.3,0,0
6.0,155.0,0,38,4,0.233,7.7,1,1
5.76,517.0,0,26,5,0.186,3.4,0,1
6.07,748.0,0,18,6,0.609,9.6,1,0
1.08,-1.0,1,28,4,0.61,17.8,1,1
1.42,-1.0,1,30,4,0.275,7.4,1,1
0.44,-1.0,1,40,1,0.337,49.3,1,1
0.45,-1.0,1,27,2,0.364,5.5,1,1
8.95,427.0,0,26,2,0.392,33.0,1,0
0.18,156.0,0,45,2,0.139,3.3,1,1
11.68,147.0,0,34,3,0.745,0.5,1,0
9.23,757.0,0,36,3,0.718,45.4,1,0
5.83,315.0,0,39,3,0.48,0.1,1,0
14.8,842.0,0,37,0,0.201,13.5,0,0
3.02,410.0,0,29,3,0.781,36.5,1,1
10.49,533.0,0,41,5,0.609,62.9,0,0
1.49,643.0,0,33,5,0.358,4.2,1,0
2.56,413.0,0,41,5,0.175,2.9,1,0
15.9,573.0,0,39,1,0.881,51.1,1,1
4.39,835.0,0,34,2,0.178,7.9,1,1
0.67,-1.0,1,37,0,0.389,42.5,1,1
3.14,361.0,0,40,3,0.359,60.0,1,1
2.31,-1.0,1,19,1,0.51,13.0,0,0
3.07,324.0,0,31,4,0.252,93.5,1,1
6.28,795.0,0,37,1,0.662,77.3,1,0
1.29,194.0,0,29,7,0.326,22.9,1,0
0.57,602.0,0,50,4,0.858,4.3,1,1
14.15,-1.0,1,39,3,0.533,16.2,1,0
9.89,94.0,0,38,0,0.907,27.2,1,1
5.75,-1.0,1,40,3,0.211,18.6,1,1
1.75,465.0,0,27,1,0.668,14.8,1,1
2.15,278.0,0,40,1,0.674,23.4,0,0
5.45,286.0,0,18,4,0.53,99.9,1,0
0.21,330.0,0,18,3,0.457,34.4,1,0
11.75,251.0,0,35,3,0.446,7.1,1,1
10.04,390.0,0,37,2,0.585,51.1,1,0
6.96,356.0,0,32,6,0.613,30.0,1,0
1.76,-1.0,1,41,3,0.337,77.8,1,1
5.41,456.0,0,30,2,0.795,43.3,0,0
0.91,-1.0,1,41,2,0.721,6.0,1,1
10.25,200.0,0,33,4,0.874,7.9,1,1
0.25,832.0,0,48,2,0.344,23.2,1,1
28.49,194.0,0,32,8,0.741,33.9,1,0
0.98,811.0,0,37,3,0.434,9.7,0,1
3.78,-1.0,1,49,3,0.3,6.6,0,0
0.01,769.0,0,32,0,0.467,11.2,1,0
1.6,370.0,0,33,0,0.635,45.2,1,1
10.69,647.0,0,52,3,0.705,4.7,0,0
0.75,479.0,0,35,3,0.64,47.8,0,0
3.55,-1.0,1,28,0,0.457,35.9,1,1
3.25,810.0,0,32,4,0.849,0.1,1,1
11.52,368.0,0,44,3,0.515,24.4,0,0
2.16,110.0,0,27,4,0.532,67.6,1,1
1.99,832.0,0,51,3,0.768,15.2,0,1
2.72,419.0,0,41,6,0.387,11.2,1,1
1.02,499.0,0,36,3,0.909,30.9,1,1
2.67,863.0,0,36,3,0.839,9.3,1,1
4.19,712.0,0,33,1,0.199,20.8,1,0
1.87,849.0,0,43,1,0.643,28.7,1,1
4.77,838.0,0,28,3,0.773,44.4,1,1
3.3,414.0,0,25,3,0.42,21.0,0,0
4.11,324.0,0,26,4,0.217,15.1,1,0
10.04,575.0,0,37,3,0.707,20.5,0,0
12.34,216.0,0,31,1,0.147,100.3,0,0
4.22,520.0,0,28,5,0.5,12.0,1,1
2.47,282.0,0,40,4,0.458,21.6,0,1
15.76,158.0,0,39,4,0.815,20.0,1,0
11.58,174.0,0,44,2,0.551,0.3,1,1
5.35,495.0,0,28,3,0.236,26.8,1,0
1.71,833.0,0,37,2,0.376,34.3,1,1
0.94,251.0,0,20,4,0.433,115.1,1,0
3.97,323.0,0,18,3,0.741,31.6,1,1
5.17,151.0,0,39,5,0.369,7.4,1,0
3.29,510.0,0,31,6,0.47,3.5,1,1
4.82,186.0,0,18,5,0.493,15.4,1,0
2.38,90.0,0,47,3,0.668,61.1,1,0
23.57,575.0,0,22,1,0.665,20.2,0,1
0.23,150.0,0,31,4,0.173,2.1,0,0
4.91,151.0,0,34,2,0.879,7.0,1,1
10.24,258.0,0,40,3,0.442,15.4,0,0
5.92,671.0,0,22,4,0.853,104.5,0,0
5.17,-1.0,1,25,4,0.548,70.5,1,1
0.2,866.0,0,29,3,0.981,11.5,1,1
0.74,-1.0,1,47,3,0.471,35.4,1,0
20.96,816.0,0,34,2,0.457,2.6,1,1
1.77,656.0,0,35,3,0.675,17.0,0,1
18.35,125.0,0,31,3,0.611,19.5,0,0
1.3,276.0,0,40,2,0.846,19.7,0,0
6.8,196.0,0,37,3,0.352,2.3,1,0
7.17,434.0,0,38,6,0.431,16.0,0,0
17.29,163.0,0,18,2,0.394,7.9,1,1
18.37,774.0,0,18,3,0.297,3.9,1,0
1.61,-1.0,1,48,2,0.463,3.3,1,0
0.47,-1.0,1,28,3,0.248,35.8,0,0
0.76,214.0,0,43,5,0.566,24.1,0,1
29.31,-1.0,1,65,2,0.162,9.4,0,0
1.33,768.0,0,28,3,0.453,14.3,1,1
0.86,801.0,0,29,5,0.638,4.4,1,1
3.27,793.0,0,48,1,0.451,13.9,1,0
0.2,-1.0,1,30,3,0.866,5.6,0,0
3.5,180.0,0,18,0,0.244,27.0,0,0
3.22,642.0,0,20,7,0.554,0.7,1,1
0.27,881.0,0,38,3,0.676,4.6,1,1
12.02,-1.0,1,23,2,0.313,3.5,1,0
9.6,834.0,0,51,5,0.519,25.2,1,1
13.2,719.0,0,45,4,0.084,66.3,1,0
1.91,320.0,0,23,0,0.417,34.3,1,1
6.43,-1.0,1,31,5,0.051,12.2,0,0
0.6,470.0,0,29,4,0.546,7.3,0,1
5.95,681.0,0,47,5,0.346,105.0,1,1
2.04,899.0,0,27,1,0.638,8.8,0,0
1.84,-1.0,1,28,2,0.19,0.2,1,0
4.37,308.0,0,26,2,0.531,14.8,0,1
2.74,522.0,0,22,1,0.455,36.6,1,0
11.19,-1.0,1,29,2,0.512,43.6,1,0
4.12,888.0,0,42,4,0.816,16.1,0,0
4.87,-1.0,1,39,2,0.523,4.7,1,1
1.24,-1.0,1,18,4,0.681,57.4,0,0
0.03,725.0,0,37,2,0.279,53.3,1,0
2.67,754.0,0,36,4,0.53,20.2,0,0
5.71,394.0,0,32,6,0.928,33.0,1,1
0.6,168.0,0,45,1,0.342,36.2,0,0
6.89,526.0,0,29,1,0.5,6.8,1,1
1.12,335.0,0,18,1,0.093,1.8,0,0
2.59,783.0,0,42,4,0.373,19.3,1,1
1.68,378.0,0,39,3,0.493,9.4,0,1
2.88,105.0,0,36,3,0.279,36.3,1,0
5.39,756.0,0,33,4,0.486,3.1,1,1
0.27,-1.0,1,19,1,0.108,11.0,1,1
20.52,795.0,0,40,1,0.493,25.0,1,0
6.56,380.0,0,18,3,0.465,59.9,1,0
9.17,420.0,0,38,1,0.239,50.4,0,0
7.4,499.0,0,35,4,0.425,7.9,1,0
1.42,571.0,0,33,7,0.73,0.1,0,1
2.4,750.0,0,22,5,0.608,14.8,1,0
3.54,549.0,0,43,3,0.643,13.1,0,0
5.74,273.0,0,29,4,0.45,13.2,1,0
9.47,434.0,0,23,3,0.176,7.0,1,0
4.99,378.0,0,29,3,0.487,14.0,0,0
8.18,609.0,0,18,7,0.561,11.9,0,0
16.07,857.0,0,57,6,0.719,38.5,1,0
10.58,586.0,0,32,1,0.703,17.5,1,0
4.66,183.0,0,40,1,0.187,34.3,1,1
0.83,545.0,0,52,2,0.452,19.9,1,0
0.72,277.0,0,42,1,0.652,37.4,1,1
0.95,-1.0,1,37,3,0.796,23.9,1,1
6.12,499.0,0,35,7,0.469,9.5,1,0
13.4,218.0,0,26,4,0.351,8.8,1,0
0.54,776.0,0,18,2,0.489,54.0,1,1
3.84,568.0,0,29,4,0.166,109.0,1,0
1.67,649.0,0,27,2,0.293,13.8,1,0
2.25,428.0,0,53,3,0.462,10.3,0,0
1.52,871.0,0,26,5,0.635,2.9,0,1
19.46,483.0,0,38,6,0.736,5.9,0,1
10.06,158.0,0,42,4,0.713,18.8,1,1
11.24,245.0,0,51,1,0.211,0.6,1,0
17.65,-1.0,1,18,5,0.705,62.0,1,1
4.92,785.0,0,21,4,0.254,0.8,1,0
3.75,273.0,0,33,2,0.628,13.6,0,0
3.14,246.0,0,31,4,0.212,1.2,1,1
7.91,523.0,0,18,5,0.067,92.7,1,0
20.76,687.0,0,48,4,0.681,18.5,1,1
4.66,695.0,0,43,1,0.655,57.2,1,1
10.46,551.0,0,32,1,0.108,45.6,1,0
10.65,-1.0,1,36,4,0.324,44.2,0,0
3.05,571.0,0,51,2,0.562,13.4,1,0
0.72,251.0,0,29,0,0.738,74.4,1,1
1.52,832.0,0,54,3,0.659,5.8,1,1
6.59,464.0,0,26,2,0.273,3.8,0,0
9.36,786.0,0,41,5,0.082,0.0,1,0
5.31,182.0,0,36,3,0.619,2.4,1,1
13.11,821.0,0,44,4,0.791,49.1,0,0
3.13,538.0,0,53,2,0.676,3.1,1,1
6.61,527.0,0,39,4,0.721,8.9,0,0
5.69,-1.0,1,41,3,0.567,12.2,1,0
1.74,151.0,0,38,4,0.64,1.1,0,1
4.36,791.0,0,18,5,0.793,2.0,1,0
4.27,158.0,0,39,1,0.934,1.3,1,0
6.0,860.0,0,48,7,0.083,94.8,0,0
1.12,161.0,0,44,0,0.572,10.2,1,0
14.29,266.0,0,28,5,0.51,3.9,1,1
2.1,835.0,0,36,2,0.699,26.8,1,0
28.24,859.0,0,34,4,0.716,16.8,1,0
0.74,688.0,0,28,4,0.424,23.9,1,0
5.91,886.0,0,47,0,0.17,4.3,0,0
2.95,664.0,0,20,4,0.444,47.9,1,1
0.47,716.0,0,45,4,0.559,72.1,1,0
5.11,256.0,0,36,2,0.191,6.7,1,0
20.85,789.0,0,39,4,0.528,76.4,0,0
0.24,585.0,0,29,4,0.582,32.3,1,1
1.09,789.0,0,42,1,0.126,31.3,1,1
11.21,293.0,0,33,2,0.73,18.0,1,1
0.12,438.0,0,25,5,0.267,92.8,0,0
12.56,176.0,0,42,1,0.414,98.6,1,0
0.47,511.0,0,18,3,0.427,2.5,1,1
3.44,832.0,0,26,2,0.748,1.3,1,0
3.8,636.0,0,33,3,0.395,8.5,1,1
6.64,811.0,0,30,2,0.511,25.8,1,0
0.08,539.0,0,30,2,0.294,8.8,0,0
6.24,351.0,0,28,5,0.177,5.3,0,0
1.37,478.0,0,30,4,0.083,12.6,1,1
9.63,464.0,0,33,5,0.546,9.5,1,0
8.53,643.0,0,35,6,0.83,32.5,1,1
6.78,-1.0,1,38,6,0.861,55.8,1,1
4.87,112.0,0,25,2,0.892,60.0,1,1
0.49,119.0,0,26,4,0.214,9.8,1,0
14.53,413.0,0,38,1,0.429,14.7,1,1
2.51,891.0,0,21,4,0.671,8.8,1,1
5.15,362.0,0,22,3,0.428,1.2,1,0
9.53,339.0,0,31,6,0.542,2.6,1,1
14.87,463.0,0,25,1,0.322,16.7,1,0
3.55,-1.0,1,33,4,0.388,6.8,1,1
8.54,610.0,0,38,3,0.393,31.7,1,1
14.09,704.0,0,18,2,0.131,3.9,1,0
1.55,171.0,0,49,1,0.72,5.7,1,1
9.82,196.0,0,46,2,0.584,15.8,0,0
3.16,494.0,0,25,4,0.348,18.0,1,1
6.22,-1.0,1,22,3,0.601,19.9,0,1
1.44,341.0,0,53,4,0.957,14.8,1,1
7.04,573.0,0,27,3,0.462,15.0,0,0
4.27,620.0,0,34,2,0.273,6.5,0,0
3.42,808.0,0,18,3,0.89,30.2,1,1
15.76,693.0,0,36,6,0.966,17.6,1,0
1.94,554.0,0,41,3,0.538,4.6,1,1
3.85,539.0,0,18,4,0.723,5.9,1,1
1.16,306.0,0,30,4,0.484,2.6,1,0
11.56,872.0,0,32,0,0.49,38.8,1,1
12.66,242.0,0,27,3,0.703,39.0,1,1
6.27,773.0,0,30,4,0.859,35.6,1,1
2.5,111.0,0,52,3,0.752,8.1,1,0
8.25,415.0,0,23,2,0.296,46.6,1,0
2.0,-1.0,1,25,5,0.38,17.4,1,0
5.5,-1.0,1,18,0,0.269,72.7,0,0
14.25,898.0,0,20,2,0.653,9.2,0,0
8.21,397.0,0,24,4,0.386,2.5,1,1
15.36,406.0,0,29,3,0.672,33.6,0,1
16.15,-1.0,1,28,4,0.803,14.5,1,0
8.78,398.0,0,34,6,0.119,0.0,0,0
6.68,-1.0,1,41,1,0.089,162.1,1,0
1.18,516.0,0,25,1,0.786,3.1,0,0
7.69,354.0,0,38,2,0.323,2.5,0,0
2.87,779.0,0,24,3,0.474,38.5,1,1
2.83,-1.0,1,38,2,0.173,3.0,0,0
7.54,166.0,0,31,2,0.749,19.8,1,1
4.16,417.0,0,32,3,0.405,31.6,1,0
10.68,185.0,0,31,2,0.47,5.5,0,0
14.12,874.0,0,58,4,0.347,0.8,1,0
16.26,243.0,0,29,3,0.764,84.3,0,0
3.5,366.0,0,27,1,0.699,6.6,1,1
9.57,147.0,0,18,2,0.735,28.5,1,1
2.19,658.0,0,20,3,0.721,16.8,0,0
1.79,464.0,0,18,3,0.528,0.7,1,1
26.27,774.0,0,32,3,0.689,31.6,0,0
3.82,651.0,0,36,2,0.475,24.1,1,0
9.5,566.0,0,41,1,0.119,10.9,1,0
2.35,655.0,0,40,2,0.728,95.7,1,0
0.08,334.0,0,22,7,0.482,35.3,0,0
2.66,636.0,0,46,0,0.591,42.7,1,0
11.9,452.0,0,23,5,0.087,10.2,1,0
9.3,749.0,0,18,4,0.892,12.0,1,1
21.9,740.0,0,26,4,0.848,24.8,1,0
5.45,532.0,0,22,4,0.383,0.6,0,0
3.76,183.0,0,40,0,0.529,49.0,1,0
8.2,-1.0,1,32,0,0.451,9.6,1,0
6.58,707.0,0,37,6,0.707,18.4,1,1
1.84,416.0,0,24,3,0.849,14.8,1,1
3.66,-1.0,1,33,3,0.265,23.2,0,0
3.64,771.0,0,18,2,0.556,21.6,1,0
6.46,692.0,0,31,3,0.553,0.6,0,0
11.47,429.0,0,33,2,0.921,0.0,1,1
11.35,-1.0,1,18,4,0.578,12.1,0,0
4.92,287.0,0,43,3,0.428,30.5,1,1
9.49,187.0,0,31,1,0.332,41.7,0,0
23.02,597.0,0,18,6,0.582,70.6,0,1
3.67,128.0,0,34,5,0.165,66.3,1,1
1.66,295.0,0,18,4,0.613,15.4,1,1
18.72,501.0,0,44,1,0.774,2.1,0,1
1.71,837.0,0,21,5,0.492,14.9,0,0
0.39,615.0,0,31,4,0.547,22.0,1,1
9.25,608.0,0,26,3,0.745,74.8,1,1
13.34,547.0,0,33,1,0.342,85.1,0,0
0.75,294.0,0,42,4,0.351,1.0,1,0
9.53,-1.0,1,31,3,0.85,46.0,1,1
1.21,-1.0,1,28,5,0.395,12.5,1,1
1.0,252.0,0,43,2,0.773,17.6,1,1
5.05,269.0,0,19,7,0.425,7.9,1,1
19.91,655.0,0,41,4,0.464,0.6,0,0
0.17,893.0,0,39,3,0.333,22.9,1,1
0.11,840.0,0,24,4,0.146,13.3,0,0
3.5,185.0,0,25,3,0.847,6.8,0,0
21.57,-1.0,1,41,3,0.738,3.1,1,1
12.5,-1.0,1,42,4,0.619,14.9,1,0
6.61,437.0,0,25,2,0.579,38.8,1,1
4.01,-1.0,1,27,3,0.222,3.5,0,1
3.76,776.0,0,21,1,0.592,34.3,1,1
3.19,513.0,0,27,2,0.59,6.8,0,0
1.27,390.0,0,43,1,0.213,28.5,1,0
9.0,-1.0,1,33,4,0.353,14.2,1,1
0.6,-1.0,1,26,2,0.294,38.7,0,0
3.35,359.0,0,20,2,0.727,2.3,1,1
3.32,737.0,0,31,4,0.439,25.2,1,0
0.36,364.0,0,46,2,0.404,24.6,1,1
20.99,786.0,0,38,5,0.633,27.3,0,0
2.8,-1.0,1,49,2,0.414,1.1,0,0
5.49,644.0,0,44,3,0.659,6.3,1,1
9.09,826.0,0,30,3,0.483,33.2,0,0
1.45,671.0,0,37,1,0.347,83.4,1,0
0.15,159.0,0,37,3,0.395,8.1,0,1
6.27,185.0,0,31,3,0.483,0.4,1,1
20.49,502.0,0,29,3,0.645,3.4,0,0
17.34,508.0,0,24,4,0.935,7.8,1,1
0.51,655.0,0,38,1,0.498,11.7,1,1
19.4,896.0,0,18,4,0.902,41.1,0,0
1.58,197.0,0,40,1,0.418,37.4,0,0
4.68,-1.0,1,34,1,0.715,28.3,1,0
2.85,806.0,0,49,0,0.112,22.2,0,0
3.46,401.0,0,20,1,0.711,28.4,1,0
2.33,805.0,0,40,6,0.085,8.0,1,0
16.12,314.0,0,35,4,0.594,13.8,0,1
2.05,158.0,0,31,2,0.537,28.5,0,1
2.11,-1.0,1,47,1,0.829,8.0,1,1
7.64,349.0,0,43,5,0.737,2.3,1,1
10.92,768.0,0,40,3,0.478,130.5,0,0
21.05,804.0,0,18,5,0.202,2.9,1,1
5.68,516.0,0,35,2,0.866,9.8,1,0
3.4,300.0,0,33,2,0.134,12.1,1,0
10.25,819.0,0,39,8,0.526,17.8,1,1
19.67,806.0,0,30,1,0.853,54.6,1,0
10.8,875.0,0,26,4,0.742,15.5,0,0
3.25,668.0,0,23,6,0.549,10.2,1,1
0.87,293.0,0,18,2,0.807,44.8,1,0
22.63,189.0,0,26,2,0.973,21.1,0,0
2.09,760.0,0,24,3,0.066,0.2,1,1
3.24,495.0,0,33,3,0.613,34.0,1,0
9.96,-1.0,1,22,2,0.055,11.0,1,0
1.31,-1.0,1,18,1,0.245,19.3,0,0
1.44,352.0,0,31,0,0.689,48.6,0,1
1.74,179.0,0,24,2,0.722,3.5,0,0
4.26,430.0,0,21,1,0.437,4.1,1,1
2.75,446.0,0,18,3,0.565,13.2,1,0
2.05,519.0,0,26,2,0.593,4.6,0,1
4.83,836.0,0,18,5,0.215,20.5,1,0
4.21,314.0,0,26,1,0.341,43.0,1,1
2.35,549.0,0,57,0,0.641,6.0,1,1
4.21,327.0,0,18,4,0.352,71.5,0,0
10.58,574.0,0,18,2,0.631,40.7,1,1
4.73,513.0,0,24,2,0.757,35.2,1,1
8.51,488.0,0,39,2,0.48,39.7,1,0
8.38,254.0,0,42,1,0.315,14.8,1,0
8.6,-1.0,1,45,3,0.204,14.7,1,1
5.36,-1.0,1,27,2,0.462,9.0,1,1
1.39,775.0,0,24,2,0.843,71.3,1,0
1.45,113.0,0,31,3,0.497,108.9,1,1
0.98,321.0,0,31,3,0.508,103.6,0,0
5.27,-1.0,1,40,1,0.765,44.4,1,1
0.79,587.0,0,39,4,0.246,38.4,1,1
1.75,285.0,0,30,5,0.482,31.0,1,0
0.47,371.0,0,22,6,0.679,9.1,1,0
4.78,830.0,0,35,0,0.228,60.6,1,0
11.6,-1.0,1,40,0,0.58,13.0,1,0
14.2,871.0,0,18,3,0.28,39.2,1,1
4.71,617.0,0,36,6,0.578,2.5,1,1
21.27,239.0,0,33,3,0.141,22.3,0,0
3.38,492.0,0,24,5,0.537,2.8,0,0
11.65,-1.0,1,37,2,0.43,78.4,0,0
5.2,303.0,0,18,1,0.461,1.8,1,0
3.43,468.0,0,33,6,0.878,8.5,0,0
1.2,804.0,0,29,3,0.843,13.4,1,1
0.79,96.0,0,25,4,0.489,26.5,1,1
1.49,175.0,0,18,5,0.473,20.1,1,1
1.58,-1.0,1,22,3,0.608,6.8,1,0
0.61,209.0,0,33,2,0.787,24.8,0,0
1.09,395.0,0,18,2,0.032,55.2,1,0
9.6,461.0,0,28,1,0.186,44.6,1,0
5.45,555.0,0,25,1,0.355,5.0,1,0
8.7,846.0,0,22,3,0.165,46.3,0,0
6.61,331.0,0,41,2,0.524,11.5,0,0
11.47,497.0,0,35,2,0.552,18.0,0,1
7.85,671.0,0,28,3,0.09,71.5,1,0
1.06,756.0,0,52,2,0.2,86.8,0,0
4.16,589.0,0,40,3,0.369,5.3,0,0
11.04,211.0,0,32,2,0.462,38.0,0,0
1.42,701.0,0,18,2,0.543,7.1,1,0
1.91,-1.0,1,42,2,0.219,1.1,1,0
3.56,-1.0,1,39,0,0.617,24.9,1,0
0.42,446.0,0,23,1,0.8,30.8,0,0
12.01,372.0,0,35,4,0.418,3.9,0,0
6.72,799.0,0,27,5,0.518,14.7,0,0
1.93,302.0,0,34,5,0.475,47.9,0,1
1.97,741.0,0,18,5,0.836,9.3,0,1
7.12,-1.0,1,38,0,0.097,11.4,1,1
4.8,623.0,0,31,3,0.846,27.0,1,1
6.92,460.0,0,25,3,0.504,3.1,0,1
1.16,-1.0,1,42,2,0.62,17.3,1,1
0.34,706.0,0,25,3,0.86,27.1,1,1
4.82,542.0,0,31,1,0.505,41.6,1,1
15.22,720.0,0,48,2,0.828,12.6,1,1
16.06,620.0,0,22,3,0.451,48.1,1,1
30.08,629.0,0,36,1,0.311,12.7,1,0
1.49,-1.0,1,21,2,0.283,9.1,1,0
1.79,429.0,0,25,3,0.268,39.9,0,0
6.07,784.0,0,32,2,0.787,30.0,1,1
13.65,606.0,0,49,5,0.889,11.6,1,1
5.91,185.0,0,30,3,0.463,4.6,1,1
0.88,505.0,0,35,1,0.416,5.0,1,1
11.1,711.0,0,36,3,0.234,45.2,1,1
8.51,-1.0,1,18,1,0.227,91.3,1,0
1.46,648.0,0,24,1,0.616,9.8,0,0
0.05,173.0,0,32,2,0.731,32.9,1,0
3.31,-1.0,1,18,1,0.123,13.1,0,0
18.72,413.0,0,34,2,0.871,6.0,1,1
0.76,249.0,0,36,3,0.583,10.1,0,0
0.57,772.0,0,28,4,0.49,35.0,1,0
13.77,686.0,0,28,4,0.508,8.0,0,1
10.07,797.0,0,50,1,0.53,0.2,1,1
1.43,798.0,0,25,2,0.346,48.7,1,0
4.95,420.0,0,18,1,0.49,29.7,1,1
5.6,553.0,0,35,4,0.736,16.8,1,0
15.13,-1.0,1,33,2,0.542,3.9,1,0
0.01,780.0,0,28,2,0.893,33.6,0,0
5.58,498.0,0,27,6,0.537,17.6,0,1
1.0,384.0,0,37,2,0.517,20.8,1,1
1.21,837.0,0,26,2,0.447,42.4,1,1
0.41,685.0,0,42,2,0.588,52.1,0,1
17.59,801.0,0,34,3,0.451,16.2,0,0
0.49,472.0,0,21,1,0.617,23.5,1,0
1.71,346.0,0,40,4,0.768,3.6,1,0
8.0,893.0,0,40,4,0.711,17.4,0,0
1.31,574.0,0,47,4,0.833,6.8,1,1
1.27,215.0,0,26,11,0.367,33.0,0,0
4.72,-1.0,1,36,3,0.622,1.8,0,0
37.06,-1.0,1,20,2,0.533,30.5,1,1
2.14,-1.0,1,30,3,0.462,10.7,0,0
18.67,-1.0,1,18,2,0.461,28.5,1,1
0.42,-1.0,1,45,5,0.158,16.2,1,1
6.97,713.0,0,41,2,0.329,4.1,0,1
3.82,698.0,0,41,1,0.279,6.2,1,0
2.5,610.0,0,43,2,0.754,1.4,1,1
0.89,219.0,0,24,3,0.109,29.2,0,1
2.81,-1.0,1,27,4,0.75,20.9,1,0
6.52,746.0,0,39,4,0.401,39.6,0,1
6.58,-1.0,1,56,6,0.566,42.0,1,0
7.75,674.0,0,32,3,0.183,36.0,1,1
3.38,115.0,0,18,3,0.25,11.5,1,1
5.4,425.0,0,18,1,0.468,31.9,1,0
0.29,811.0,0,21,1,0.691,21.1,1,0
3.65,-1.0,1,23,2,0.337,53.6,1,1
10.4,833.0,0,48,0,0.656,27.5,1,1
12.89,-1.0,1,24,3,0.896,9.0,1,1
0.52,330.0,0,32,6,0.432,22.8,1,1
34.78,216.0,0,45,3,0.528,28.3,1,1
0.6,261.0,0,29,7,0.54,13.8,1,1
16.44,-1.0,1,25,2,0.719,1.2,1,0
3.35,668.0,0,29,3,0.766,44.8,0,0
24.38,172.0,0,26,2,0.461,30.0,0,1
19.55,-1.0,1,29,3,0.395,14.5,1,1
0.98,893.0,0,18,3,0.04,3.4,1,1
3.31,398.0,0,27,4,0.448,20.1,1,0
4.49,-1.0,1,38,5,0.228,8.7,0,1
3.73,635.0,0,40,1,0.459,88.9,1,0
6.61,616.0,0,38,6,0.48,7.3,1,0
11.6,680.0,0,21,5,0.368,2.9,1,1
2.83,482.0,0,22,5,0.558,45.5,1,0
0.19,389.0,0,34,3,0.629,10.1,1,1
3.81,742.0,0,44,2,0.607,22.9,0,0
1.4,-1.0,1,28,1,0.534,137.8,1,0
1.77,590.0,0,47,2,0.991,15.5,1,1
0.87,185.0,0,24,1,0.566,29.2,1,1
4.69,567.0,0,31,3,0.878,4.9,1,1
5.63,-1.0,1,47,5,0.337,2.0,1,1
6.41,583.0,0,18,3,0.328,17.6,1,0
1.26,875.0,0,33,3,0.503,30.6,1,1
5.78,340.0,0,31,3,0.406,1.8,1,1
6.41,670.0,0,29,5,0.785,16.3,1,1
11.87,297.0,0,47,3,0.227,25.8,0,0
5.32,701.0,0,23,3,0.481,39.9,1,1
19.3,685.0,0,46,3,0.523,37.6,1,0
2.29,356.0,0,23,5,0.463,20.9,0,0
1.2,626.0,0,18,0,0.408,3.4,0,0
2.36,123.0,0,44,4,0.813,21.2,1,1
0.67,-1.0,1,27,4,0.32,28.4,1,1
1.33,-1.0,1,19,3,0.771,5.8,1,1
5.61,285.0,0,32,6,0.187,8.5,0,0
2.17,383.0,0,24,5,0.36,20.7,1,1
0.93,354.0,0,25,3,0.804,10.8,1,1
3.59,504.0,0,28,3,0.437,7.2,0,0
3.08,632.0,0,33,7,0.417,1.9,1,1
4.33,-1.0,1,26,4,0.323,4.7,0,0
0.68,-1.0,1,37,5,0.884,26.5,0,1
1.28,611.0,0,35,1,0.595,3.5,0,0
8.33,445.0,0,32,3,0.52,5.8,1,0
10.62,330.0,0,32,2,0.104,62.5,1,0
2.7,822.0,0,49,1,0.465,43.5,1,0
4.55,854.0,0,26,2,0.815,92.9,1,0
0.46,719.0,0,37,3,0.552,3.9,1,1
1.95,376.0,0,45,4,0.241,9.8,0,0
1.26,112.0,0,42,2,0.831,37.4,1,0
5.05,660.0,0,42,3,0.509,13.7,1,0
11.86,771.0,0,23,3,0.349,13.2,1,1
2.84,886.0,0,42,2,0.543,13.1,0,0
12.62,620.0,0,53,4,0.786,10.6,0,1
2.42,865.0,0,39,3,0.367,2.1,1,1
3.97,547.0,0,35,3,0.345,24.7,1,0
6.06,715.0,0,41,1,0.453,0.8,1,1
4.45,764.0,0,32,2,0.467,3.1,0,0
8.07,-1.0,1,60,1,0.73,81.2,0,0
5.01,492.0,0,18,2,0.752,19.1,1,1
2.23,402.0,0,38,4,0.074,13.2,1,1
4.66,748.0,0,40,2,0.299,33.8,1,0
6.51,205.0,0,29,1,0.13,50.6,1,1
3.12,227.0,0,45,2,0.663,9.4,0,1
3.71,-1.0,1,25,4,0.815,5.2,1,1
12.6,585.0,0,45,8,0.224,8.0,0,0
17.5,98.0,0,19,5,0.132,16.7,1,0
16.58,-1.0,1,29,2,0.722,33.3,0,0
11.58,695.0,0,27,4,0.375,3.8,0,0
4.58,240.0,0,39,1,0.74,131.9,0,0
4.8,778.0,0,18,1,0.041,38.3,0,0
14.1,-1.0,1,34,1,0.661,2.4,0,0
5.6,712.0,0,35,0,0.466,7.1,1,1
8.44,-1.0,1,36,3,0.605,0.4,0,1
15.53,425.0,0,26,4,0.262,11.6,1,0
5.14,234.0,0,19,3,0.517,0.9,1,1
13.29,332.0,0,32,1,0.582,10.6,1,1
5.07,183.0,0,25,4,0.675,27.8,0,0
6.95,277.0,0,21,0,0.261,36.2,1,0
1.58,759.0,0,18,1,0.367,28.2,0,0
2.11,-1.0,1,27,1,0.803,7.5,1,0
10.28,516.0,0,22,1,0.614,8.5,1,0
18.57,853.0,0,31,4,0.731,34.1,1,1
0.56,653.0,0,33,1,0.34,7.4,0,0
9.68,91.0,0,44,3,0.431,57.8,1,0
4.01,-1.0,1,41,5,0.828,3.5,1,1
3.55,257.0,0,37,4,0.549,34.4,0,0
10.24,228.0,0,21,4,0.85,21.6,1,1
0.6,191.0,0,29,2,0.72,18.8,1,1
2.86,467.0,0,37,3,0.26,1.1,1,0
0.81,284.0,0,31,6,0.785,12.0,1,1
3.73,-1.0,1,34,4,0.391,1.9,1,0
0.25,-1.0,1,38,3,0.896,32.6,0,0
7.45,-1.0,1,18,4,0.443,8.6,1,0
3.79,519.0,0,22,1,0.154,22.6,0,0
0.44,396.0,0,31,5,0.73,1.2,1,1
1.65,548.0,0,55,1,0.095,50.2,0,0
16.05,397.0,0,31,2,0.434,126.4,1,0
22.8,757.0,0,47,4,0.231,0.9,0,0
8.59,672.0,0,27,1,0.243,3.2,1,0
2.7,823.0,0,18,2,0.508,36.0,0,0
6.42,374.0,0,27,3,0.506,31.5,1,0
4.3,887.0,0,30,3,0.333,2.3,1,1
0.98,238.0,0,18,2,0.333,6.1,1,0
3.01,603.0,0,25,2,0.374,49.1,1,1
2.13,750.0,0,44,4,0.291,25.9,1,1
3.99,847.0,0,43,1,0.243,62.7,0,0
9.73,177.0,0,23,4,0.377,16.3,0,1
8.38,-1.0,1,18,8,0.712,20.3,0,0
2.48,193.0,0,31,5,0.574,25.5,0,0
1.57,515.0,0,41,2,0.422,10.6,1,1
4.87,-1.0,1,59,2,0.17,5.7,1,0
4.44,495.0,0,41,3,0.087,6.8,1,1
3.27,672.0,0,29,3,0.203,8.9,0,0
15.66,249.0,0,32,3,0.611,1.3,1,1
21.91,-1.0,1,29,2,0.483,16.8,0,1
2.96,622.0,0,36,4,0.538,16.5,1,1
2.87,416.0,0,37,0,0.072,9.7,0,1
11.58,-1.0,1,32,4,0.728,13.3,1,0
7.47,-1.0,1,24,4,0.36,39.3,1,1
5.04,843.0,0,41,0,0.48,16.3,0,0
0.97,213.0,0,25,3,0.41,51.5,1,1
1.18,725.0,0,27,2,0.442,49.9,1,1
11.14,242.0,0,30,4,0.33,0.9,1,1
3.22,607.0,0,39,2,0.9,27.3,1,1
6.5,857.0,0,18,3,0.37,27.3,1,0
9.89,527.0,0,38,5,0.112,5.6,1,1
12.63,399.0,0,47,2,0.941,68.7,1,1
3.36,722.0,0,24,3,0.017,14.8,1,0
7.56,526.0,0,46,2,0.923,51.6,1,0
24.19,-1.0,1,27,1,0.504,3.4,1,1
2.56,809.0,0,37,4,0.061,8.1,1,1
6.44,587.0,0,18,3,0.699,27.6,1,1
5.93,476.0,0,27,3,0.334,6.1,0,0
4.66,269.0,0,30,3,0.572,15.2,0,0
0.24,371.0,0,45,1,0.414,12.6,0,0
2.9,881.0,0,27,4,0.453,10.6,1,1
3.15,820.0,0,18,1,0.754,29.6,1,0
1.09,520.0,0,21,4,0.822,20.2,1,1
0.33,416.0,0,30,5,0.768,56.6,0,0
27.36,226.0,0,30,4,0.451,0.9,0,0
4.36,90.0,0,27,4,0.239,12.8,1,0
12.75,-1.0,1,27,4,0.079,32.1,1,1
9.07,753.0,0,25,9,0.336,11.0,1,0
3.57,543.0,0,23,4,0.671,14.0,1,0
1.51,684.0,0,26,1,0.194,10.0,1,0
8.35,384.0,0,29,3,0.343,25.1,1,1
6.78,128.0,0,37,2,0.473,7.7,1,1
4.91,289.0,0,22,1,0.523,24.8,1,0
6.09,91.0,0,47,1,0.376,21.1,1,1
12.72,617.0,0,22,3,0.681,11.5,1,0
1.24,823.0,0,37,3,0.351,0.8,1,1
8.53,584.0,0,28,3,0.49,19.3,1,0
1.67,788.0,0,37,3,0.472,42.5,1,0
4.58,177.0,0,44,2,0.402,14.3,1,1
14.17,383.0,0,34,5,0.319,11.5,1,0
3.04,294.0,0,22,4,0.269,3.9,1,1
0.75,185.0,0,35,1,0.283,26.7,1,0
11.65,784.0,0,21,3,0.887,77.2,1,1
0.01,244.0,0,20,4,0.489,16.3,1,1
18.07,331.0,0,39,0,0.473,18.3,1,0
6.76,135.0,0,35,4,0.529,59.8,1,0
11.51,261.0,0,18,7,0.595,1.5,1,0
1.16,721.0,0,29,2,0.83,25.3,1,0
1.59,681.0,0,31,4,0.56,68.2,1,0
1.12,159.0,0,33,2,0.282,2.8,0,0
0.92,-1.0,1,34,4,0.596,66.1,0,1
1.02,778.0,0,46,4,0.509,41.6,1,1
0.82,-1.0,1,42,2,0.487,26.9,1,0
7.15,381.0,0,25,0,0.811,9.4,1,1
4.29,524.0,0,27,4,0.783,89.4,1,1
2.62,632.0,0,30,3,0.504,33.4,1,1
9.98,179.0,0,42,6,0.615,38.0,1,1
10.39,542.0,0,24,4,0.302,5.8,0,1
1.63,300.0,0,36,2,0.797,7.9,1,1
18.82,481.0,0,31,2,0.254,44.7,1,0
14.06,-1.0,1,19,4,0.101,6.5,1,1
0.8,684.0,0,35,3,0.665,10.9,0,1
6.89,834.0,0,37,3,0.287,37.1,1,0
11.93,779.0,0,42,1,0.325,56.9,1,1
1.76,288.0,0,32,3,0.303,78.2,0,1
8.39,544.0,0,40,1,0.649,26.2,1,0
4.99,777.0,0,43,0,0.612,5.7,1,1
15.71,511.0,0,58,3,0.699,0.6,1,1
3.15,528.0,0,35,2,0.435,0.4,1,1
9.24,582.0,0,29,1,0.222,7.1,0,0
7.02,469.0,0,20,2,0.915,26.9,1,0
2.8,-1.0,1,24,1,0.319,45.5,1,1
4.27,-1.0,1,18,2,0.245,1.6,1,0
3.85,534.0,0,18,1,0.405,29.5,1,1
0.65,99.0,0,34,1,0.704,9.5,1,1
0.36,238.0,0,24,2,0.417,1.6,0,0
12.68,535.0,0,55,1,0.368,12.2,1,1
5.14,659.0,0,39,5,0.223,38.9,1,0
6.08,737.0,0,35,1,0.57,18.2,1,1
2.95,-1.0,1,31,2,0.561,25.6,1,1
5.8,845.0,0,31,1,0.586,2.6,1,1
22.13,726.0,0,27,2,0.249,17.0,1,1
0.08,842.0,0,30,3,0.595,12.5,1,1
16.61,123.0,0,40,7,0.818,26.4,0,0
1.84,459.0,0,34,1,0.548,27.0,0,1
1.51,500.0,0,40,2,0.647,11.7,1,1
4.57,370.0,0,40,2,0.464,87.3,1,1
3.19,693.0,0,36,8,0.188,19.2,1,1
4.04,142.0,0,44,4,0.366,11.8,0,1
2.46,-1.0,1,22,4,0.344,3.7,1,1
5.81,378.0,0,20,3,0.562,1.8,0,1
2.52,-1.0,1,33,4,0.886,17.9,1,0
3.94,683.0,0,18,4,0.477,0.3,1,1
9.54,793.0,0,19,2,0.731,25.6,0,0
0.36,634.0,0,45,4,0.753,0.9,1,1
3.57,163.0,0,19,5,0.497,2.7,1,1
6.64,97.0,0,31,3,0.633,11.7,0,1
16.59,175.0,0,35,2,0.864,10.9,1,1
6.38,-1.0,1,32,6,0.622,66.2,1,1
6.0,744.0,0,43,2,0.809,30.6,1,1
0.11,-1.0,1,28,3,0.484,9.1,1,1
0.17,431.0,0,27,2,0.457,4.2,0,0
14.03,378.0,0,33,2,0.743,12.1,0,0
12.77,104.0,0,41,1,0.775,25.3,1,1
4.83,-1.0,1,44,0,0.213,12.8,1,1
8.07,377.0,0,25,1,0.32,15.8,0,0
0.56,-1.0,1,21,3,0.207,20.1,1,0
0.88,828.0,0,40,1,0.066,25.8,1,0
5.79,555.0,0,37,8,0.359,3.1,0,0
1.32,-1.0,1,48,2,0.65,13.0,0,0
4.98,-1.0,1,32,0,0.681,27.4,1,1
4.26,90.0,0,18,1,0.484,55.4,1,0
38.16,162.0,0,43,5,0.935,27.8,1,0
5.71,-1.0,1,31,0,0.503,14.8,1,1
11.66,888.0,0,40,2,0.505,14.8,1,1
5.03,408.0,0,28,3,0.421,22.9,1,0
0.6,216.0,0,42,1,0.411,37.0,1,0
12.04,466.0,0,27,1,0.348,3.4,1,1
1.35,345.0,0,44,2,0.546,2.8,1,1
0.91,874.0,0,18,2,0.166,45.0,1,0
2.88,490.0,0,37,5,0.043,23.5,1,0
0.14,-1.0,1,35,4,0.551,55.7,0,0
0.68,883.0,0,18,2,0.885,1.0,1,0
0.72,400.0,0,28,7,0.647,8.3,1,1
3.94,519.0,0,41,4,0.438,6.1,1,1
4.89,261.0,0,44,3,0.377,39.3,1,0
5.95,546.0,0,31,2,0.53,23.3,1,0
9.72,837.0,0,25,1,0.368,20.1,1,1
18.66,239.0,0,28,3,0.323,4.6,0,0
5.01,124.0,0,35,2,0.188,4.5,1,1
4.48,272.0,0,25,2,0.265,78.3,0,0
10.06,838.0,0,33,5,0.593,33.0,1,1
16.97,872.0,0,30,4,0.353,50.9,1,0
0.59,713.0,0,25,4,0.739,3.2,1,1
2.9,209.0,0,18,2,0.265,18.3,0,0
0.34,148.0,0,44,6,0.538,27.8,0,0
1.99,-1.0,1,43,2,0.65,70.8,1,0
8.55,271.0,0,18,5,0.901,7.8,1,1
15.09,114.0,0,23,4,0.609,7.8,0,0
3.08,221.0,0,29,0,0.327,4.7,1,0
5.22,728.0,0,39,5,0.465,1.4,1,1
1.24,827.0,0,27,2,0.549,41.5,1,0
4.34,118.0,0,37,0,0.637,12.1,0,1
17.51,-1.0,1,18,0,0.741,11.8,1,1
17.36,360.0,0,33,5,0.294,16.3,1,0
1.08,528.0,0,18,5,0.604,16.4,0,0
7.31,524.0,0,39,3,0.495,59.6,0,0
1.98,362.0,0,31,5,0.131,47.8,1,0
7.64,-1.0,1,20,0,0.458,34.8,1,1
3.3,652.0,0,35,3,0.611,34.6,1,1
8.07,-1.0,1,51,1,0.465,6.1,0,1
6.21,792.0,0,50,2,0.479,45.9,1,1
13.1,795.0,0,42,3,0.07,22.2,0,0
21.19,868.0,0,52,3,0.62,2.2,1,1
6.69,788.0,0,26,3,0.685,70.5,0,1
2.03,503.0,0,35,2,0.51,42.6,1,1
1.55,185.0,0,46,3,0.476,8.7,1,0
9.28,227.0,0,20,1,0.383,4.9,0,1
3.53,141.0,0,28,1,0.05,19.1,1,0
1.93,472.0,0,27,5,0.777,55.9,1,0
11.14,333.0,0,29,2,0.634,5.9,1,0
6.22,542.0,0,46,4,0.549,63.3,1,1
9.68,722.0,0,35,1,0.434,35.8,0,0
3.03,868.0,0,22,3,0.602,53.5,1,0
3.25,560.0,0,39,4,0.847,49.3,0,0
9.1,414.0,0,21,5,0.561,16.2,1,1
1.96,431.0,0,35,2,0.383,5.0,1,1
4.33,-1.0,1,46,4,0.63,15.4,1,1
9.72,94.0,0,54,5,0.09,17.1,1,0
3.9,561.0,0,32,3,0.334,20.7,1,1
3.47,550.0,0,40,2,0.561,8.4,1,1
15.66,-1.0,1,28,0,0.736,37.2,0,0
3.72,192.0,0,23,3,0.599,36.3,1,0
9.15,632.0,0,30,2,0.491,15.4,1,1
9.38,403.0,0,26,2,0.471,3.4,1,0
19.22,695.0,0,39,4,0.154,16.8,1,0
4.34,686.0,0,27,3,0.813,23.5,1,1
9.72,727.0,0,27,4,0.755,2.5,0,0
0.06,200.0,0,18,3,0.357,15.7,1,0
6.34,117.0,0,43,3,0.235,82.5,0,0
10.34,310.0,0,25,3,0.422,9.7,0,1
8.51,186.0,0,37,2,0.06,35.3,1,0
2.25,433.0,0,43,1,0.577,30.7,0,0
6.07,-1.0,1,49,3,0.703,13.9,1,1
12.21,676.0,0,29,1,0.351,12.4,1,0
1.96,776.0,0,23,2,0.66,9.0,0,0
16.27,689.0,0,24,0,0.483,27.8,1,0
7.82,818.0,0,40,4,0.322,5.3,1,1
2.49,864.0,0,27,4,0.351,13.2,1,0
4.8,-1.0,1,43,2,0.308,24.5,1,1
8.55,763.0,0,18,4,0.834,54.0,0,0
3.89,-1.0,1,32,1,0.146,78.4,1,0
1.04,267.0,0,18,8,0.517,7.8,1,1
6.13,159.0,0,29,2,0.473,6.8,0,0
8.09,561.0,0,28,4,0.411,67.7,1,1
4.61,-1.0,1,29,5,0.413,12.8,1,0
4.6,889.0,0,18,3,0.718,52.2,0,1
2.99,540.0,0,30,3,0.386,52.4,1,0
12.85,414.0,0,30,3,0.139,9.5,1,0
20.93,113.0,0,40,2,0.518,19.0,1,1
0.71,151.0,0,23,0,0.55,1.7,0,0
4.68,113.0,0,41,4,0.372,54.5,0,0
18.55,540.0,0,28,3,0.927,64.5,0,0
4.14,676.0,0,33,2,0.187,6.0,0,0
33.08,890.0,0,25,2,0.426,25.6,0,1
13.69,180.0,0,25,2,0.193,5.7,1,1
0.99,642.0,0,38,2,0.337,47.9,1,0
14.62,646.0,0,42,2,0.888,7.4,0,1
13.06,440.0,0,30,4,0.873,0.3,1,1
2.12,298.0,0,38,2,0.266,2.8,1,1
12.36,616.0,0,46,3,0.625,8.5,0,0
0.0,-1.0,1,39,2,0.278,8.5,1,1
0.27,422.0,0,42,3,0.578,6.6,0,0
3.6,728.0,0,36,4,0.424,102.4,0,0
2.0,853.0,0,30,7,0.575,11.8,1,1
4.27,287.0,0,45,2,0.894,20.5,0,1
4.9,296.0,0,32,3,0.353,18.6,1,1
10.8,751.0,0,43,3,0.351,46.2,0,0
11.54,743.0,0,31,1,0.003,8.3,1,0
1.25,886.0,0,46,3,0.235,10.3,1,0
2.11,837.0,0,23,7,0.235,1.0,1,1
3.92,899.0,0,32,5,0.442,10.0,0,0
1.13,-1.0,1,27,4,0.324,21.3,1,1
5.05,354.0,0,27,4,0.832,87.8,1,1
9.57,671.0,0,41,4,0.686,1.5,0,0
2.34,269.0,0,29,3,0.39,26.9,1,0
2.26,-1.0,1,25,3,0.587,4.5,1,1
4.0,-1.0,1,41,4,0.796,92.6,0,0
7.19,508.0,0,38,4,0.122,1.9,1,1
19.19,144.0,0,24,4,0.465,34.1,1,0
6.1,587.0,0,42,1,0.863,2.3,1,1
5.74,652.0,0,49,2,0.574,27.5,1,0
1.19,649.0,0,24,2,0.289,59.0,1,0
15.6,811.0,0,21,5,0.55,4.3,0,1
8.69,343.0,0,45,3,0.806,55.0,1,1
2.69,816.0,0,18,3,0.805,4.5,1,0
2.41,-1.0,1,31,3,0.59,4.4,0,0
14.78,459.0,0,38,7,0.274,1.3,0,0
4.61,279.0,0,25,0,0.554,30.4,0,0
3.92,-1.0,1,25,1,0.664,5.6,0,0
0.27,-1.0,1,18,3,0.537,118.6,1,0
4.38,-1.0,1,27,1,0.585,5.3,1,0
4.74,227.0,0,34,2,0.378,36.9,1,1
4.58,666.0,0,32,2,0.268,26.0,1,1
1.29,635.0,0,40,4,0.529,29.9,1,1
2.72,-1.0,1,18,4,0.783,3.1,1,1
0.39,824.0,0,27,3,0.749,14.0,0,1
0.04,761.0,0,28,0,0.311,8.3,1,1
29.27,649.0,0,35,4,0.812,24.0,1,0
2.32,490.0,0,33,1,0.771,24.8,1,0
1.23,-1.0,1,19,2,0.295,3.3,1,1
2.25,642.0,0,30,3,0.691,21.5,1,1
4.35,212.0,0,30,3,0.215,4.4,1,1
1.02,116.0,0,46,0,0.566,115.2,1,0
5.04,-1.0,1,38,0,0.525,9.3,1,0
16.07,168.0,0,35,2,0.487,15.7,1,1
12.57,240.0,0,20,3,0.256,94.7,0,0
1.85,428.0,0,22,2,0.744,0.5,0,1
2.18,195.0,0,49,9,0.866,4.0,0,1
0.99,764.0,0,38,3,0.57,10.8,1,0
1.12,260.0,0,19,5,0.686,15.0,1,1
8.38,-1.0,1,24,1,0.409,44.2,1,1
2.54,374.0,0,27,3,0.846,14.2,0,0
6.56,769.0,0,28,4,0.48,11.9,1,1
25.01,-1.0,1,48,1,0.216,101.9,1,1
2.18,348.0,0,26,1,0.68,27.0,1,0
2.98,-1.0,1,25,5,0.742,8.4,0,1
0.68,-1.0,1,29,6,0.566,4.8,1,0
7.0,398.0,0,34,3,0.187,39.9,1,1
16.47,150.0,0,39,4,0.882,1.4,1,0
2.62,791.0,0,40,6,0.566,18.7,1,1
28.8,785.0,0,29,3,0.459,5.3,1,0
15.65,627.0,0,19,5,0.746,10.9,1,1
0.6,639.0,0,36,4,0.404,49.3,1,1
2.01,138.0,0,48,4,0.034,8.2,0,0
11.22,776.0,0,43,0,0.506,2.9,1,0
4.11,695.0,0,31,3,0.562,106.3,0,0
4.14,541.0,0,41,4,0.938,37.1,0,0
2.54,107.0,0,33,4,0.816,7.4,1,1
5.73,587.0,0,45,3,0.732,51.1,1,0
13.13,-1.0,1,50,3,0.218,34.2,1,1
1.59,346.0,0,20,4,0.558,5.1,1,1
8.28,150.0,0,24,1,0.014,17.3,1,0
0.57,333.0,0,33,3,0.59,36.1,1,1
6.13,523.0,0,33,3,0.637,0.7,1,1
2.55,183.0,0,32,3,0.628,27.8,1,1
13.76,-1.0,1,18,2,0.826,34.0,1,0
2.49,627.0,0,32,1,0.943,8.5,1,1
5.6,684.0,0,32,4,0.88,63.8,1,0
3.39,336.0,0,48,4,0.472,7.6,0,0
17.42,390.0,0,33,2,0.398,22.1,1,0
11.78,-1.0,1,36,4,0.235,3.9,1,0
3.55,784.0,0,35,2,0.662,79.2,0,0
5.67,756.0,0,37,6,0.578,24.3,1,0
29.83,181.0,0,43,0,0.189,13.1,1,0
7.24,682.0,0,18,5,0.096,0.0,1,0
3.05,253.0,0,28,4,0.629,44.8,1,0
4.14,-1.0,1,26,5,0.556,15.2,1,1
1.68,646.0,0,18,5,0.555,0.4,1,1
0.92,90.0,0,21,1,0.36,87.3,1,1
2.98,315.0,0,23,9,0.182,26.4,0,0
0.83,-1.0,1,41,4,0.384,41.7,1,1
17.8,525.0,0,38,0,0.673,20.4,1,0
3.41,224.0,0,25,4,0.216,21.0,1,0
8.72,678.0,0,25,0,0.3,17.8,0,0
5.31,423.0,0,33,2,0.623,37.0,1,0
3.45,797.0,0,18,0,0.79,16.8,1,1
2.83,813.0,0,44,3,0.501,32.1,0,0
2.63,518.0,0,28,1,0.45,32.7,1,1
1.36,244.0,0,42,2,0.705,0.3,1,1
7.15,877.0,0,25,3,0.224,3.7,1,1
2.81,687.0,0,38,3,0.362,15.6,1,1
7.12,539.0,0,20,3,0.672,60.9,1,1
6.76,825.0,0,26,3,0.49,21.7,1,0
3.81,653.0,0,29,3,0.709,8.6,1,1
3.95,543.0,0,25,4,0.542,42.7,1,1
17.12,898.0,0,34,3,0.317,69.6,1,1
11.61,450.0,0,43,3,0.915,13.0,1,1
3.08,106.0,0,22,0,0.091,50.9,1,1
12.07,-1.0,1,58,1,0.86,34.3,1,1
6.55,274.0,0,18,4,0.593,23.7,0,0
5.6,484.0,0,37,2,0.494,74.6,1,0
0.81,109.0,0,33,3,0.19,9.1,1,1
8.16,154.0,0,29,3,0.74,29.8,0,1
7.46,282.0,0,38,5,0.488,30.9,1,0
4.55,-1.0,1,37,5,0.532,67.3,1,0
5.72,689.0,0,27,3,0.818,2.8,1,1
4.35,627.0,0,41,2,0.303,31.5,1,0
3.87,284.0,0,39,4,0.816,2.2,1,1
3.98,750.0,0,45,3,0.394,8.9,1,0
2.22,256.0,0,23,1,0.394,5.0,0,0
0.78,524.0,0,54,3,0.682,33.3,1,0
3.14,452.0,0,23,2,0.515,27.4,0,1
8.36,774.0,0,34,4,0.71,2.9,1,1
3.82,529.0,0,30,2,0.657,11.0,1,0
11.83,183.0,0,31,3,0.337,29.2,1,1
8.75,501.0,0,24,1,0.556,32.3,0,0
3.22,764.0,0,18,3,0.826,24.1,0,1
1.47,721.0,0,25,0,0.387,6.3,1,0
7.24,-1.0,1,25,3,0.556,15.8,0,0
6.61,303.0,0,36,2,0.94,17.1,0,1
20.12,-1.0,1,49,4,0.486,1.3,1,0
5.44,225.0,0,18,2,0.804,50.6,1,0
1.19,545.0,0,33,2,0.534,9.2,1,1
5.02,822.0,0,33,6,0.343,29.4,0,0
5.43,460.0,0,34,0,0.13,9.0,1,0
0.96,729.0,0,26,5,0.885,14.1,1,0
1.98,896.0,0,41,1,0.411,25.3,1,0
0.24,479.0,0,40,6,0.236,9.3,1,1
19.26,288.0,0,21,4,0.254,10.6,1,1
5.29,807.0,0,18,5,0.73,14.7,1,1
7.39,185.0,0,31,2,0.795,0.6,1,1
3.43,787.0,0,33,2,0.38,20.0,0,0
0.68,520.0,0,42,5,0.287,6.9,1,1
4.42,768.0,0,37,4,0.278,10.2,0,1
0.66,659.0,0,25,3,0.832,4.3,0,1
2.33,565.0,0,18,5,0.073,30.2,1,0
2.12,348.0,0,47,4,0.379,6.5,1,0
8.54,-1.0,1,21,7,0.805,76.7,0,1
0.71,845.0,0,46,9,0.241,108.7,1,1
2.29,451.0,0,25,3,0.023,20.6,0,0
0.35,589.0,0,26,2,0.739,21.8,1,1
1.33,139.0,0,48,4,0.416,6.4,1,1
1.92,435.0,0,31,1,0.485,0.4,1,1
24.82,871.0,0,18,5,0.515,26.6,1,1
4.88,790.0,0,41,1,0.539,8.1,1,0
9.28,-1.0,1,37,0,0.857,8.5,1,1
7.35,190.0,0,20,3,0.644,2.8,0,1
1.5,747.0,0,30,3,0.269,2.1,1,0
1.13,393.0,0,40,1,0.65,46.1,1,0
1.0,841.0,0,42,3,0.649,20.9,0,0
8.36,856.0,0,30,3,0.525,21.2,1,1
3.92,589.0,0,31,6,0.628,4.6,0,0
3.62,207.0,0,25,3,0.728,81.4,1,0
1.01,753.0,0,22,1,0.306,1.1,1,1
8.69,-1.0,1,33,2,0.57,4.9,1,1
0.58,862.0,0,31,1,0.417,19.0,1,1
3.12,697.0,0,18,4,0.325,0.8,0,0
1.01,525.0,0,27,1,0.552,24.7,1,0
14.0,254.0,0,20,4,0.289,24.9,1,1
4.09,410.0,0,18,3,0.087,36.6,1,0
3.25,291.0,0,31,3,0.421,22.6,1,1
2.54,532.0,0,47,2,0.813,27.2,0,0
0.13,719.0,0,43,6,0.403,27.1,1,1
0.8,352.0,0,35,1,0.714,10.4,0,1
1.85,107.0,0,32,5,0.331,8.4,0,1
2.39,757.0,0,26,6,0.115,8.0,1,0
0.78,338.0,0,29,7,0.085,2.1,1,0
1.25,649.0,0,28,7,0.435,2.8,1,1
13.67,-1.0,1,36,2,0.19,29.4,1,1
6.28,153.0,0,21,7,0.448,26.2,1,0
10.14,234.0,0,35,4,0.595,5.9,1,0
2.38,-1.0,1,18,7,0.795,5.8,0,0
9.82,306.0,0,24,3,0.525,16.9,0,1
0.37,257.0,0,19,3,0.811,1.8,0,1
20.08,359.0,0,41,1,0.561,29.4,1,1
4.94,564.0,0,45,6,0.539,22.0,1,0
5.18,622.0,0,31,2,0.669,70.3,0,1
7.56,368.0,0,44,9,0.579,28.9,1,1
13.85,236.0,0,43,6,0.512,9.4,1,1
26.42,151.0,0,24,4,0.405,0.0,1,0
1.75,105.0,0,46,6,0.44,14.6,1,1
8.72,281.0,0,19,5,0.596,10.9,1,1
15.69,557.0,0,19,0,0.686,19.3,0,1
6.44,808.0,0,30,2,0.298,46.0,1,0
5.45,236.0,0,26,2,0.279,0.6,1,0
3.04,665.0,0,36,4,0.187,1.6,1,1
2.23,879.0,0,43,4,0.716,21.9,1,1
5.24,539.0,0,35,4,0.617,0.9,1,1
1.14,791.0,0,36,2,0.177,21.9,1,0
1.97,-1.0,1,32,2,0.347,22.7,1,0
12.61,-1.0,1,23,1,0.137,33.9,0,0
7.12,425.0,0,25,4,0.646,54.3,1,1
4.14,751.0,0,46,4,0.509,5.9,0,0
0.33,771.0,0,32,2,0.627,11.5,1,1
2.7,93.0,0,33,2,0.871,8.4,1,1
2.23,471.0,0,39,7,0.728,7.0,1,0
7.33,-1.0,1,25,2,0.549,28.4,0,1
6.07,715.0,0,55,2,0.156,53.9,0,0
4.2,365.0,0,28,3,0.173,7.4,1,1
0.64,592.0,0,20,6,0.858,53.7,1,1
1.62,737.0,0,27,2,0.53,17.7,1,1
7.22,555.0,0,41,3,0.653,76.0,0,1
24.86,-1.0,1,36,2,0.806,60.9,0,0
3.1,850.0,0,42,1,0.826,29.8,1,0
3.54,597.0,0,42,2,0.633,16.9,1,1
2.72,219.0,0,33,4,0.889,8.5,1,0
2.92,-1.0,1,20,0,0.278,27.3,1,1
8.36,119.0,0,37,1,0.619,10.3,0,1
1.38,714.0,0,18,5,0.537,25.2,1,0
1.7,156.0,0,52,3,0.148,79.8,1,1
4.96,396.0,0,34,5,0.502,19.7,0,1
7.32,115.0,0,28,5,0.393,11.8,1,1
7.5,380.0,0,46,1,0.548,28.7,1,1
2.23,166.0,0,29,2,0.379,7.6,1,0
3.7,133.0,0,33,5,0.166,60.5,1,0
0.96,752.0,0,30,3,0.619,26.8,1,1
2.82,458.0,0,40,2,0.491,9.4,0,1
4.73,592.0,0,37,7,0.409,6.0,1,1
6.61,265.0,0,39,3,0.626,27.0,0,0
23.38,-1.0,1,26,4,0.46,57.2,0,0
12.66,303.0,0,36,4,0.394,6.2,0,0
0.12,882.0,0,35,0,0.346,38.8,1,1
10.0,633.0,0,41,1,0.753,67.1,1,0
3.81,149.0,0,36,2,0.433,37.3,1,1
8.11,92.0,0,47,2,0.44,0.3,1,0
9.58,540.0,0,31,1,0.897,11.3,1,1
18.15,94.0,0,18,6,0.462,40.9,1,0
10.14,-1.0,1,21,6,0.258,17.8,1,1
1.89,885.0,0,32,3,0.588,74.7,0,0
0.4,548.0,0,27,4,0.264,18.6,1,0
2.69,-1.0,1,31,1,0.54,18.3,0,0
6.61,276.0,0,18,1,0.342,20.2,1,0
11.1,206.0,0,46,6,0.968,5.0,1,1
12.45,438.0,0,22,3,0.702,94.5,1,0
4.11,-1.0,1,38,7,0.371,23.1,1,1
18.56,348.0,0,39,5,0.574,6.7,1,1
8.25,-1.0,1,43,1,0.037,6.8,1,1
1.23,727.0,0,29,2,0.266,9.8,1,1
4.54,567.0,0,18,5,0.754,23.5,0,0
8.82,583.0,0,31,1,0.431,38.3,0,0
0.2,807.0,0,35,3,0.55,5.3,1,1
0.96,-1.0,1,41,1,0.193,13.3,1,1
2.03,696.0,0,21,4,0.856,7.8,1,0
1.88,201.0,0,44,5,0.901,78.3,1,0
10.11,698.0,0,39,1,0.433,30.5,1,0
0.85,140.0,0,29,3,0.504,37.0,1,1
7.14,515.0,0,29,3,0.816,16.5,1,0
2.48,485.0,0,47,3,0.28,3.0,1,1
12.16,488.0,0,19,3,0.271,23.2,0,0
10.67,272.0,0,26,5,0.347,51.9,1,1
1.2,-1.0,1,33,6,0.922,0.8,1,1
4.74,598.0,0,30,2,0.915,19.4,1,1
7.64,470.0,0,34,2,0.722,14.0,1,1
10.23,440.0,0,36,2,0.718,25.2,1,1
1.87,-1.0,1,27,4,0.167,10.3,0,0
0.91,-1.0,1,36,2,0.729,25.1,1,1
5.54,-1.0,1,20,6,0.415,9.3,1,0
3.42,519.0,0,19,8,0.482,6.5,1,1
9.24,253.0,0,39,2,0.271,20.1,1,1
2.31,449.0,0,32,2,0.486,15.2,1,1
1.69,-1.0,1,35,4,0.657,16.0,1,1
26.73,899.0,0,38,0,0.714,0.1,1,0
1.44,-1.0,1,38,2,0.576,51.9,1,1
0.3,258.0,0,35,2,0.177,23.8,1,0
7.08,-1.0,1,28,2,0.402,10.4,1,0
7.52,333.0,0,38,5,0.698,17.6,1,1
4.04,228.0,0,23,1,0.081,34.8,1,1
1.01,577.0,0,49,4,0.745,9.1,1,1
0.18,-1.0,1,43,0,0.472,23.3,1,1
0.26,425.0,0,24,4,0.912,33.8,1,1
13.34,893.0,0,18,3,0.281,44.3,0,0
0.9,326.0,0,21,1,0.403,10.2,1,1
10.31,-1.0,1,29,4,0.492,11.1,1,1
1.13,753.0,0,31,3,0.765,2.7,1,1
14.65,874.0,0,23,2,0.104,6.8,0,0
9.59,686.0,0,42,5,0.279,14.2,0,1
11.24,777.0,0,28,1,0.184,69.2,1,0
2.06,534.0,0,42,5,0.48,2.5,0,1
1.97,821.0,0,20,4,0.536,30.2,1,1
7.9,263.0,0,24,4,0.624,3.2,1,1
6.64,212.0,0,21,4,0.19,9.9,0,0
12.81,875.0,0,54,3,0.603,24.5,1,0
5.82,758.0,0,23,4,0.636,15.5,1,1
22.93,819.0,0,28,2,0.697,24.5,0,0
2.33,460.0,0,18,1,0.657,6.6,1,1
11.73,-1.0,1,20,5,0.312,20.6,1,1
1.41,855.0,0,37,3,0.682,10.5,1,1
6.82,115.0,0,42,2,0.57,36.9,1,1
5.75,-1.0,1,25,3,0.306,2.4,1,1
12.77,259.0,0,19,6,0.321,24.5,0,0
7.94,493.0,0,41,1,0.773,19.7,1,1
2.2,783.0,0,29,3,0.333,19.2,0,0
1.31,795.0,0,28,5,0.378,22.1,1,1
1.98,-1.0,1,30,3,0.192,15.4,1,1
9.45,707.0,0,38,0,0.529,37.4,1,0
15.26,451.0,0,37,0,0.609,22.3,0,1
4.47,257.0,0,23,5,0.199,3.7,1,1
24.41,419.0,0,33,4,0.894,70.9,0,0
9.02,791.0,0,24,2,0.588,15.7,1,1
5.87,636.0,0,28,3,0.182,12.4,1,1
2.16,-1.0,1,45,4,0.28,18.0,1,1
2.06,374.0,0,19,1,0.27,10.4,0,0
3.0,-1.0,1,24,1,0.258,4.9,1,0
4.98,581.0,0,35,3,0.497,57.3,0,0
1.21,568.0,0,36,4,0.177,7.3,1,1
2.0,473.0,0,37,3,0.623,64.9,1,0
7.81,491.0,0,24,1,0.726,28.2,0,0
6.26,679.0,0,44,2,0.524,12.4,1,1
1.79,425.0,0,23,2,0.058,34.0,1,1
1.0,-1.0,1,40,5,0.191,32.0,1,1
18.55,780.0,0,28,0,0.494,4.2,0,0
4.68,501.0,0,46,3,0.867,2.4,1,1
0.95,-1.0,1,27,3,0.744,17.1,1,1
9.6,330.0,0,29,4,0.758,27.6,0,1
1.09,422.0,0,34,5,0.623,0.1,0,1
5.28,-1.0,1,28,4,0.417,0.4,1,1
3.23,337.0,0,39,1,0.723,15.6,1,1
2.71,624.0,0,39,4,0.267,29.5,1,1
1.28,899.0,0,34,2,0.56,11.1,1,1
4.0,641.0,0,37,4,0.804,17.5,1,0
1.66,737.0,0,31,3,0.192,22.9,1,1
1.99,450.0,0,41,2,0.454,1.0,1,1
8.59,857.0,0,43,5,0.599,7.1,1,1
2.56,782.0,0,39,5,0.563,67.9,1,1
5.74,361.0,0,33,2,0.805,15.7,0,1
5.05,349.0,0,34,3,0.383,8.4,1,1
7.18,645.0,0,43,5,0.302,22.6,1,1
11.95,132.0,0,33,6,0.662,40.5,0,0
0.69,281.0,0,29,3,0.376,2.7,0,0
4.13,372.0,0,31,4,0.863,57.8,1,1
4.98,-1.0,1,25,1,0.169,14.9,0,0
13.46,879.0,0,37,2,0.242,16.1,0,0
14.47,-1.0,1,35,5,0.204,15.3,1,0
7.54,169.0,0,31,1,0.69,12.4,0,1
8.46,228.0,0,29,4,0.358,48.1,0,0
2.17,362.0,0,24,2,0.675,58.6,1,0
1.36,417.0,0,29,4,0.115,0.6,1,1
1.31,220.0,0,24,1,0.504,21.4,0,0
0.15,-1.0,1,49,2,0.62,38.9,1,0
1.26,329.0,0,23,5,0.537,2.5,0,1
7.61,297.0,0,19,2,0.215,22.3,1,1
4.45,887.0,0,18,4,0.437,21.2,1,0
6.21,770.0,0,28,1,0.655,0.3,0,1
0.58,389.0,0,44,1,0.591,9.8,1,1
1.13,356.0,0,34,3,0.699,105.5,1,1
1.3,790.0,0,29,5,0.844,3.3,1,0
9.06,420.0,0,43,4,0.385,0.4,1,0
6.27,573.0,0,29,3,0.223,13.1,0,0
4.72,116.0,0,30,1,0.516,33.2,1,1
0.52,-1.0,1,28,4,0.925,13.5,0,0
0.86,746.0,0,22,4,0.486,68.3,1,0
1.77,126.0,0,18,1,0.479,5.7,1,0
16.91,437.0,0,40,4,0.878,0.4,1,0
6.35,441.0,0,26,0,0.576,43.7,1,1
7.67,851.0,0,31,2,0.307,24.7,0,0
2.41,535.0,0,27,4,0.311,2.2,1,1
22.62,549.0,0,52,3,0.329,27.6,1,1
0.11,373.0,0,18,0,0.912,64.6,1,0
0.95,375.0,0,46,3,0.698,14.8,1,1
0.62,848.0,0,18,3,0.755,10.3,0,0
9.85,468.0,0,22,3,0.861,41.0,0,0
1.27,715.0,0,18,6,0.653,29.7,1,0
14.22,596.0,0,18,2,0.549,61.2,1,1
10.43,697.0,0,30,4,0.569,8.1,0,0
11.85,400.0,0,32,1,0.377,5.6,1,0
24.2,186.0,0,18,1,0.582,4.1,0,1
0.21,-1.0,1,36,3,0.758,26.7,1,1
1.38,397.0,0,57,1,0.463,14.4,0,0
1.79,159.0,0,36,3,0.512,33.9,1,0
3.66,839.0,0,36,6,0.817,66.2,1,1
2.04,163.0,0,22,2,0.714,24.3,1,0
14.26,220.0,0,51,3,0.159,39.2,0,0
0.26,704.0,0,20,5,0.596,16.4,0,1
3.54,491.0,0,28,1,0.598,10.1,1,1
0.86,279.0,0,31,3,0.497,32.4,0,0
3.03,-1.0,1,47,1,0.377,20.1,1,1
24.41,116.0,0,43,6,0.589,6.3,0,1
1.35,855.0,0,39,2,0.349,18.6,1,0
0.05,579.0,0,36,4,0.277,63.9,1,1
4.93,268.0,0,33,3,0.926,35.8,1,1
7.08,431.0,0,24,6,0.017,7.9,1,1
4.75,818.0,0,37,4,0.391,60.6,1,0
0.8,535.0,0,36,4,0.399,32.7,1,1
4.62,151.0,0,30,9,0.481,29.3,1,0
5.75,366.0,0,41,5,0.649,7.8,0,0
12.89,122.0,0,44,1,0.106,39.1,0,0
8.91,722.0,0,22,3,0.82,35.1,1,1
9.17,560.0,0,39,3,0.455,20.6,1,1
0.4,182.0,0,20,2,0.535,39.8,1,1
4.14,386.0,0,34,2,0.23,1.0,1,0
16.37,770.0,0,23,3,0.26,62.6,1,0
1.24,242.0,0,38,4,0.375,12.9,0,0
0.25,827.0,0,31,1,0.513,28.5,1,0
3.04,328.0,0,18,5,0.756,44.0,1,1
0.39,111.0,0,25,0,0.392,26.5,1,0
9.27,137.0,0,43,3,0.744,7.5,1,1
5.23,478.0,0,27,5,0.505,10.3,0,1
8.37,102.0,0,35,1,0.207,30.8,1,0
2.67,360.0,0,31,1,0.536,0.6,1,0
2.14,400.0,0,29,6,0.718,7.1,0,0
3.38,131.0,0,18,4,0.093,20.5,1,0
4.07,701.0,0,48,5,0.319,54.0,0,1
4.55,387.0,0,18,2,0.662,6.3,1,1
11.84,655.0,0,36,2,0.763,4.1,1,1
0.06,877.0,0,24,5,0.106,21.9,0,0
6.8,-1.0,1,40,4,0.462,6.1,1,1
4.83,699.0,0,32,3,0.496,14.9,1,0
0.72,226.0,0,32,3,0.919,37.9,0,1
8.02,608.0,0,27,2,0.517,5.0,0,0
4.27,193.0,0,39,3,0.382,43.2,1,1
1.21,202.0,0,47,3,0.53,2.6,1,1
5.4,762.0,0,27,1,0.364,0.0,0,1
9.66,753.0,0,26,4,0.317,23.8,1,1
3.73,767.0,0,25,2,0.856,10.9,1,1
0.82,119.0,0,18,4,0.844,4.1,1,0
0.2,893.0,0,18,5,0.726,14.1,0,1
3.06,803.0,0,22,3,0.656,25.2,1,0
6.31,-1.0,1,24,4,0.484,17.2,1,1
7.41,-1.0,1,37,5,0.576,1.5,0,0
19.92,307.0,0,20,2,0.235,18.1,1,1
10.32,779.0,0,38,3,0.72,10.7,1,1
0.18,684.0,0,33,1,0.846,74.6,1,1
4.47,-1.0,1,28,5,0.706,6.8,0,1
2.4,809.0,0,27,3,0.425,3.3,1,1
9.4,154.0,0,27,4,0.846,25.4,0,0
2.49,384.0,0,19,4,0.498,44.1,1,0
14.62,106.0,0,18,4,0.846,25.3,0,0
15.05,-1.0,1,39,5,0.642,16.2,0,1
0.89,758.0,0,28,3,0.553,19.2,1,0
1.78,813.0,0,31,5,0.706,18.7,1,0
0.21,407.0,0,32,1,0.21,19.0,1,1
17.88,317.0,0,23,0,0.58,60.6,1,1
3.18,543.0,0,37,4,0.75,27.5,1,1
1.65,-1.0,1,40,5,0.19,4.3,0,0
3.83,221.0,0,19,3,0.499,23.1,1,0
9.77,783.0,0,24,6,0.683,36.1,1,0
12.79,333.0,0,36,6,0.9,89.1,0,0
4.81,147.0,0,22,1,0.586,29.0,1,1
1.76,107.0,0,29,4,0.069,43.2,1,0
3.91,683.0,0,28,7,0.4,4.5,1,1
3.23,231.0,0,44,4,0.704,14.4,1,1
12.05,162.0,0,18,3,0.575,14.6,1,1
0.99,806.0,0,18,0,0.826,20.8,0,0
10.37,354.0,0,41,2,0.71,19.2,1,1
1.42,733.0,0,41,4,0.483,50.7,1,0
9.21,236.0,0,36,3,0.843,29.4,1,1
5.05,137.0,0,24,2,0.781,0.8,1,0
1.29,383.0,0,21,1,0.142,12.2,1,1
23.88,727.0,0,31,2,0.057,17.5,1,0
0.75,-1.0,1,42,5,0.306,20.0,0,0
10.35,726.0,0,38,2,0.287,18.2,0,0
0.42,133.0,0,22,3,0.622,13.7,1,1
5.57,848.0,0,24,3,0.355,7.0,1,0
0.85,-1.0,1,36,7,0.144,4.6,1,1
0.06,619.0,0,39,4,0.258,26.1,1,1
4.67,216.0,0,44,3,0.965,35.8,1,1
2.62,-1.0,1,37,4,0.292,1.9,0,0
14.22,859.0,0,35,3,0.441,24.7,1,1
0.85,774.0,0,33,2,0.121,5.1,1,0
13.62,-1.0,1,35,1,0.472,9.5,1,1
5.41,685.0,0,21,3,0.543,15.3,1,0
0.96,123.0,0,30,2,0.636,13.7,0,0
2.38,515.0,0,38,5,0.431,16.8,0,1
1.84,653.0,0,41,5,0.405,16.0,0,0
8.48,-1.0,1,18,1,0.572,12.5,1,0
5.57,428.0,0,34,6,0.217,14.2,1,1
8.37,563.0,0,54,4,0.623,25.8,1,0
6.24,236.0,0,38,5,0.738,12.9,1,1
0.95,238.0,0,35,2,0.265,24.9,1,0
9.54,559.0,0,30,2,0.632,39.2,1,1
4.55,658.0,0,31,2,0.573,12.0,1,1
12.73,233.0,0,19,5,0.131,9.3,1,0
5.97,-1.0,1,51,1,0.115,3.1,1,0
2.36,619.0,0,26,5,0.571,37.3,0,1
2.84,248.0,0,32,5,0.671,58.4,1,0
7.49,797.0,0,38,1,0.499,137.5,1,0
2.29,98.0,0,31,3,0.472,13.4,1,1
3.75,563.0,0,19,1,0.571,4.2,1,0
10.57,389.0,0,33,5,0.516,22.8,1,1
8.98,356.0,0,22,1,0.299,8.9,1,1
4.0,398.0,0,25,3,0.597,1.7,0,0
3.23,275.0,0,33,2,0.688,91.0,1,1
11.05,477.0,0,33,5,0.438,1.5,1,1
4.43,431.0,0,20,4,0.855,27.8,1,1
24.22,695.0,0,40,5,0.297,27.0,1,0
6.51,692.0,0,20,5,0.405,16.2,1,0
2.34,553.0,0,24,4,0.436,21.3,1,0
1.46,432.0,0,38,0,0.464,36.8,1,1
3.28,634.0,0,35,5,0.306,20.9,0,0
1.26,820.0,0,27,0,0.509,2.7,1,0
2.12,467.0,0,18,1,0.397,9.2,0,0
2.93,719.0,0,46,2,0.39,52.5,1,1
0.91,865.0,0,18,1,0.41,7.0,1,0
0.26,-1.0,1,42,2,0.591,8.4,0,0
4.04,172.0,0,18,3,0.825,2.3,1,1
22.16,273.0,0,49,3,0.694,73.0,1,0
6.0,-1.0,1,30,4,0.252,127.4,1,0
7.56,516.0,0,39,1,0.84,46.9,1,1
0.51,872.0,0,19,4,0.805,43.7,1,1
2.63,-1.0,1,18,1,0.708,4.7,1,1
9.35,674.0,0,47,3,0.128,12.8,1,1
7.0,453.0,0,41,3,0.529,104.4,0,0
7.9,658.0,0,43,2,0.344,15.0,0,0
6.63,892.0,0,37,2,0.494,109.6,0,1
4.09,518.0,0,18,4,0.212,27.3,1,1
14.63,142.0,0,18,4,0.42,26.0,0,0
2.78,815.0,0,30,1,0.249,5.5,1,1
7.18,804.0,0,36,3,0.849,24.9,1,0
2.73,93.0,0,35,3,0.663,35.9,0,0
0.82,886.0,0,39,4,0.547,47.1,1,1
1.12,652.0,0,35,2,0.295,115.8,1,0
0.61,551.0,0,32,4,0.873,71.8,1,0
25.17,273.0,0,28,1,0.768,1.3,0,0
13.57,675.0,0,26,2,0.395,27.5,1,0
0.7,569.0,0,27,4,0.511,8.9,1,0
1.88,444.0,0,31,4,0.543,20.4,1,1
1.71,400.0,0,26,5,0.565,55.9,0,0
4.06,233.0,0,25,3,0.761,41.3,0,0
0.71,194.0,0,32,1,0.883,37.7,1,1
4.53,659.0,0,36,2,0.305,24.5,0,0
25.28,733.0,0,36,5,0.358,31.8,1,0
20.17,-1.0,1,20,1,0.383,42.0,0,1
0.82,806.0,0,34,3,0.724,78.4,1,0
0.27,292.0,0,29,3,0.277,7.3,1,0
8.44,509.0,0,28,2,0.232,204.3,1,0
21.87,-1.0,1,38,3,0.253,6.9,0,0
1.2,840.0,0,44,1,0.43,18.3,1,0
2.4,386.0,0,26,3,0.209,13.2,0,0
2.11,554.0,0,18,6,0.638,48.3,0,1
0.77,-1.0,1,26,6,0.582,61.9,1,1
6.19,338.0,0,36,4,0.082,14.1,0,0
9.74,349.0,0,37,1,0.396,50.7,0,0
0.45,509.0,0,30,6,0.727,21.5,1,1
2.34,374.0,0,36,3,0.203,20.5,1,1
2.02,548.0,0,20,2,0.525,1.2,1,0
1.96,636.0,0,32,3,0.095,30.7,1,0
3.18,889.0,0,44,5,0.773,8.4,0,0
4.49,-1.0,1,35,2,0.547,3.7,0,0
9.38,366.0,0,33,5,0.55,4.1,1,1
8.38,586.0,0,27,6,0.555,31.2,1,0
7.12,628.0,0,35,6,0.638,2.1,1,1
0.48,433.0,0,20,6,0.096,3.4,1,0
6.2,808.0,0,31,3,0.436,1.5,0,0
0.88,222.0,0,42,3,0.767,14.3,1,1
0.71,314.0,0,34,4,0.151,5.9,0,0
1.16,319.0,0,38,4,0.553,23.2,0,1
3.15,632.0,0,27,4,0.368,15.1,1,1
8.68,519.0,0,30,3,0.229,39.7,1,0
7.15,448.0,0,36,1,0.808,32.3,1,1
1.73,760.0,0,34,5,0.186,5.4,1,0
3.42,244.0,0,46,5,0.444,1.7,1,0
5.78,-1.0,1,31,6,0.835,0.7,0,0
4.94,331.0,0,19,5,0.813,1.1,1,1
15.94,240.0,0,25,2,0.522,39.5,0,1
30.12,719.0,0,37,4,0.397,10.3,1,0
20.53,-1.0,1,36,2,0.753,0.1,1,1
15.64,573.0,0,26,1,0.957,6.6,1,0
20.37,-1.0,1,39,2,0.636,32.9,1,0
1.19,-1.0,1,24,7,0.776,2.0,1,0
0.34,322.0,0,41,3,0.517,20.0,1,0
8.73,700.0,0,31,2,0.317,3.8,1,0
15.11,98.0,0,43,1,0.704,26.8,0,0
8.82,552.0,0,38,3,0.269,74.2,1,0
7.09,-1.0,1,31,1,0.795,45.9,0,1
0.66,841.0,0,28,2,0.552,3.9,1,1
0.6,375.0,0,39,2,0.112,9.4,1,0
8.67,747.0,0,26,4,0.81,13.7,1,1
0.9,-1.0,1,23,1,0.282,0.8,1,0
2.49,225.0,0,29,6,0.646,15.8,1,1
8.2,384.0,0,51,4,0.277,1.4,0,0
24.26,343.0,0,42,2,0.348,6.9,0,0
5.01,159.0,0,43,2,0.211,17.1,1,1
2.57,817.0,0,18,0,0.441,65.8,1,1
22.17,580.0,0,27,2,0.482,0.9,1,1
6.13,119.0,0,44,1,0.308,73.1,1,0
10.97,719.0,0,32,0,0.843,94.8,1,1
7.02,718.0,0,40,2,0.162,48.0,1,1
0.82,402.0,0,27,2,0.761,13.7,1,0
16.89,374.0,0,30,1,0.382,0.3,1,1
15.56,424.0,0,29,0,0.364,35.8,1,1
17.02,870.0,0,40,3,0.478,9.4,1,0
7.63,791.0,0,31,2,0.49,22.4,1,1
7.36,-1.0,1,21,4,0.278,2.9,1,0
1.69,-1.0,1,25,5,0.857,5.9,1,1
4.31,778.0,0,26,2,0.771,43.4,1,1
6.91,636.0,0,26,6,0.41,2.4,0,0
10.89,683.0,0,24,2,0.837,1.4,1,0
46.39,442.0,0,31,5,0.979,2.0,0,0
7.62,401.0,0,44,4,0.615,3.0,0,1
7.22,459.0,0,18,2,0.69,33.9,0,0
3.05,563.0,0,23,4,0.27,1.5,1,1
22.27,758.0,0,18,5,0.6,17.7,1,1
15.4,-1.0,1,49,4,0.406,38.8,1,0
11.0,464.0,0,30,2,0.251,25.3,1,0
1.15,392.0,0,40,2,0.278,4.8,1,1
0.19,391.0,0,47,3,0.389,41.6,1,1
15.28,497.0,0,34,3,0.283,4.2,1,0
0.66,-1.0,1,48,1,0.579,6.3,1,0
5.13,-1.0,1,33,2,0.097,21.9,1,0
6.82,358.0,0,25,5,0.899,76.5,1,0
8.15,183.0,0,31,2,0.328,21.7,1,0
0.94,166.0,0,33,2,0.691,6.7,0,0
10.0,699.0,0,25,4,0.77,12.2,1,1
8.36,631.0,0,35,1,0.494,19.4,0,0
0.01,-1.0,1,38,3,0.613,8.6,1,1
19.01,508.0,0,37,3,0.465,9.5,1,0
9.01,572.0,0,44,4,0.442,11.9,1,1
6.88,711.0,0,32,5,0.117,2.1,1,0
0.54,680.0,0,46,0,0.109,38.0,1,0
10.56,481.0,0,28,2,0.617,9.5,0,0
9.98,-1.0,1,29,2,0.77,32.5,0,0
7.55,476.0,0,18,4,0.656,46.7,1,1
2.43,720.0,0,38,3,0.685,61.0,0,0
7.89,665.0,0,33,2,0.435,24.4,0,0
3.24,724.0,0,41,3,0.783,15.9,1,1
3.48,434.0,0,38,4,0.115,115.3,1,1
2.62,745.0,0,18,3,0.451,38.7,0,0
0.09,549.0,0,48,3,0.14,0.6,0,1
1.5,339.0,0,20,1,0.942,2.5,0,1
2.69,162.0,0,33,2,0.644,13.3,0,1
6.25,-1.0,1,24,4,0.539,26.9,1,1
13.9,259.0,0,42,1,0.706,13.4,0,0
17.94,116.0,0,20,1,0.416,4.8,1,1
1.08,519.0,0,42,3,0.971,13.9,1,1
4.42,601.0,0,36,0,0.097,44.9,1,1
10.04,410.0,0,40,3,0.278,55.1,0,0
5.63,147.0,0,33,2,0.585,2.8,1,0
1.63,615.0,0,18,9,0.364,9.6,1,0
8.02,-1.0,1,50,5,0.193,18.7,1,0
4.93,540.0,0,35,4,0.176,1.5,1,1
5.43,170.0,0,41,2,0.361,6.7,1,0
5.12,548.0,0,33,3,0.491,40.9,1,1
7.33,865.0,0,32,5,0.838,13.3,0,0
5.68,481.0,0,37,1,0.089,7.2,0,0
1.53,411.0,0,31,2,0.418,9.7,1,1
1.02,399.0,0,52,3,0.32,12.0,1,1
0.3,109.0,0,33,6,0.169,0.2,0,0
5.93,299.0,0,20,2,0.715,3.6,0,0
2.4,796.0,0,29,2,0.51,39.8,1,1
5.0,867.0,0,18,3,0.9,8.3,0,0
3.88,282.0,0,34,2,0.35,54.8,1,1
0.78,608.0,0,50,5,0.322,0.2,1,0
4.59,468.0,0,35,3,0.98,8.2,1,0
4.62,138.0,0,26,7,0.223,68.4,0,0
7.77,266.0,0,28,6,0.752,15.3,1,0
5.28,112.0,0,30,1,0.803,26.6,0,1
7.14,685.0,0,51,1,0.286,10.1,1,1
12.69,424.0,0,38,2,0.771,6.4,1,1
17.37,-1.0,1,56,8,0.581,7.6,0,1
2.57,123.0,0,33,6,0.893,11.7,1,1
23.82,331.0,0,41,5,0.577,4.4,1,0
3.79,235.0,0,45,1,0.671,22.7,0,1
25.91,706.0,0,18,5,0.24,3.7,1,0
5.84,774.0,0,23,0,0.259,6.4,0,1
0.17,239.0,0,18,2,0.287,67.1,1,0
2.05,395.0,0,39,3,0.375,17.1,1,1
1.45,726.0,0,18,3,0.7,15.6,1,0
10.33,-1.0,1,44,1,0.075,7.0,1,1
9.31,345.0,0,41,2,0.428,33.0,1,0
4.89,521.0,0,47,4,0.206,1.2,1,0
7.33,750.0,0,24,4,0.66,53.0,1,1
15.63,151.0,0,37,3,0.873,74.2,1,0
15.79,294.0,0,32,2,0.547,6.4,0,1
4.86,708.0,0,24,4,0.812,10.1,0,0
1.32,328.0,0,33,1,0.282,0.3,1,1
8.7,346.0,0,22,2,0.357,37.6,1,0
2.03,684.0,0,33,6,0.221,72.2,1,1
14.02,-1.0,1,33,2,0.285,51.6,0,0
18.51,707.0,0,28,3,0.497,4.0,1,1
3.6,251.0,0,29,2,0.797,123.1,1,1
3.74,747.0,0,27,3,0.451,23.3,0,0
2.83,394.0,0,25,1,0.251,11.4,1,1
0.74,-1.0,1,42,3,0.234,20.4,1,0
5.85,451.0,0,30,9,0.843,7.8,1,1
1.11,299.0,0,37,3,0.681,9.8,1,1
3.42,860.0,0,33,2,0.73,42.0,1,1
4.33,824.0,0,27,2,0.132,41.9,1,0
4.32,347.0,0,23,1,0.681,37.0,0,0
4.42,187.0,0,23,3,0.783,4.0,1,0
4.58,525.0,0,33,5,0.717,9.8,1,1
0.04,172.0,0,37,5,0.9,10.8,0,1
0.01,105.0,0,36,1,0.065,1.7,1,1
1.82,573.0,0,26,2,0.599,16.0,1,1
3.23,589.0,0,35,1,0.588,17.8,0,0
2.74,-1.0,1,35,4,0.79,38.3,1,1
9.02,288.0,0,25,4,0.696,5.1,1,1
2.68,-1.0,1,26,3,0.803,38.5,1,0
9.94,244.0,0,27,2,0.736,8.5,1,1
3.28,436.0,0,46,2,0.244,32.1,1,0
11.87,143.0,0,32,3,0.865,106.2,1,1
4.71,714.0,0,31,4,0.721,51.6,1,0
5.44,598.0,0,44,2,0.667,48.5,1,0
0.6,533.0,0,31,2,0.52,1.5,0,0
1.91,241.0,0,21,3,0.624,17.9,1,1
2.48,630.0,0,25,4,0.439,10.1,1,0
18.79,792.0,0,45,8,0.683,2.3,1,1
7.47,281.0,0,23,1,0.194,45.3,0,0
8.14,357.0,0,22,3,0.896,6.1,0,0
6.75,595.0,0,37,4,0.898,64.0,1,0
1.83,879.0,0,32,2,0.138,79.4,0,0
6.36,-1.0,1,20,3,0.586,35.7,1,1
12.79,554.0,0,51,1,0.243,58.7,1,1
3.19,232.0,0,32,3,0.394,26.4,0,0
5.36,455.0,0,23,3,0.49,16.3,1,1
4.71,615.0,0,32,6,0.658,9.7,1,0
2.28,561.0,0,18,3,0.397,29.5,1,0
1.46,406.0,0,40,4,0.713,13.5,0,1
0.54,98.0,0,32,4,0.856,5.9,0,0
0.53,-1.0,1,25,6,0.229,5.4,1,0
0.22,358.0,0,28,2,0.777,38.9,1,1
1.41,388.0,0,31,3,0.711,24.5,0,1
2.48,-1.0,1,22,1,0.294,40.8,1,1
3.21,438.0,0,21,2,0.973,21.2,1,1
3.75,264.0,0,18,5,0.633,8.5,0,0
3.6,-1.0,1,18,1,0.466,3.4,0,0
0.91,109.0,0,21,5,0.676,19.0,1,1
4.86,267.0,0,36,1,0.553,31.5,1,1
0.01,237.0,0,36,2,0.617,11.8,1,1
0.19,174.0,0,21,2,0.445,5.8,0,1
5.22,835.0,0,39,1,0.974,16.0,0,1
2.58,776.0,0,18,4,0.223,21.9,1,1
0.88,150.0,0,31,2,0.081,34.3,1,0
0.49,537.0,0,35,1,0.294,60.2,1,0
7.8,459.0,0,31,4,0.536,16.8,1,0
0.77,95.0,0,31,5,0.6,40.5,0,0
0.59,374.0,0,27,3,0.428,16.8,1,1
9.88,134.0,0,42,3,0.656,161.7,1,0
6.58,100.0,0,28,3,0.7,24.9,0,0
17.69,216.0,0,26,2,0.344,6.8,1,0
6.18,731.0,0,29,1,0.956,26.9,1,1
3.16,591.0,0,32,1,0.219,27.7,1,0
12.89,483.0,0,18,5,0.4,19.3,1,1
9.09,395.0,0,39,2,0.317,26.9,1,0
15.28,-1.0,1,27,2,0.368,34.3,1,0
0.75,606.0,0,20,2,0.332,72.7,1,0
0.42,92.0,0,21,7,0.714,55.0,1,1
3.31,724.0,0,18,5,0.227,15.6,1,0
7.3,-1.0,1,48,7,0.232,54.0,1,0
8.59,543.0,0,43,4,0.534,3.5,1,0
1.04,113.0,0,22,2,0.359,15.8,1,1
2.71,731.0,0,36,2,0.676,8.5,0,0
4.87,703.0,0,33,0,0.582,29.2,1,1
13.55,199.0,0,35,2,0.481,1.3,0,1
4.23,-1.0,1,18,4,0.542,19.5,1,1
0.67,674.0,0,20,5,0.383,36.3,0,1
6.91,819.0,0,23,3,0.816,16.6,1,0
6.5,-1.0,1,47,2,0.62,12.6,1,1
2.23,425.0,0,28,2,0.191,3.8,0,0
0.66,549.0,0,39,3,0.662,22.3,1,1
1.64,820.0,0,44,2,0.372,11.1,0,0
9.39,373.0,0,21,4,0.443,88.1,0,0
2.8,237.0,0,38,4,0.483,19.5,1,1
7.61,-1.0,1,18,1,0.45,28.8,1,0
3.13,93.0,0,29,4,0.786,15.8,1,1
1.87,880.0,0,20,2,0.254,8.4,0,1
5.35,296.0,0,46,2,0.492,7.4,1,1
12.02,266.0,0,24,3,0.245,32.2,1,0
4.48,361.0,0,32,3,0.48,44.9,0,0
12.15,400.0,0,27,3,0.62,5.0,1,0
5.49,250.0,0,35,2,0.647,5.6,1,1
9.34,854.0,0,18,3,0.65,13.6,0,0
0.5,439.0,0,18,0,0.536,22.0,1,1
12.28,321.0,0,34,1,0.405,1.1,1,1
1.72,877.0,0,39,3,0.57,4.3,1,1
5.18,330.0,0,30,2,0.836,59.9,1,0
1.71,405.0,0,37,1,0.727,41.9,0,0
0.86,625.0,0,19,4,0.293,26.9,0,0
0.37,678.0,0,30,2,0.903,16.8,1,1
8.17,283.0,0,27,2,0.904,9.7,0,1
3.4,486.0,0,21,4,0.557,29.5,1,0
10.13,185.0,0,34,0,0.748,43.9,0,1
0.63,454.0,0,39,0,0.315,25.6,1,0
3.42,506.0,0,18,1,0.602,43.9,1,0
0.52,592.0,0,35,3,0.053,60.7,1,0
4.6,776.0,0,20,3,0.19,25.3,1,1
5.16,767.0,0,18,4,0.498,6.5,1,1
1.93,137.0,0,26,6,0.238,18.5,1,1
14.16,520.0,0,24,3,0.23,7.7,1,1
0.87,466.0,0,18,5,0.351,40.0,1,0
1.06,654.0,0,37,3,0.32,7.7,1,1
0.2,752.0,0,38,2,0.538,22.2,0,0
6.11,356.0,0,51,6,0.109,29.7,1,0
3.58,593.0,0,22,5,0.493,59.6,1,1
7.1,484.0,0,32,9,0.545,11.0,1,1
1.42,344.0,0,20,3,0.838,51.6,0,0
2.32,453.0,0,33,2,0.356,30.0,1,1
6.6,810.0,0,31,4,0.376,3.9,1,1
9.2,803.0,0,20,1,0.338,13.3,1,1
0.03,137.0,0,32,3,0.806,7.5,1,1
1.35,669.0,0,37,3,0.474,19.4,1,1
0.14,263.0,0,34,3,0.664,18.4,1,0
2.6,398.0,0,40,2,0.125,51.6,0,0
0.02,129.0,0,27,3,0.441,12.0,0,0
6.3,-1.0,1,28,3,0.42,2.6,1,1
4.74,-1.0,1,46,2,0.591,5.4,1,1
1.19,261.0,0,29,3,0.609,63.2,1,0
7.39,497.0,0,30,1,0.46,66.9,1,0
11.24,879.0,0,32,4,0.243,15.1,1,1
9.59,457.0,0,22,0,0.662,66.1,1,0
0.11,781.0,0,25,1,0.599,11.9,1,0
15.1,105.0,0,36,4,0.147,24.4,1,0
1.98,109.0,0,30,6,0.513,3.9,1,1
8.21,562.0,0,19,4,0.408,8.6,0,0
9.95,829.0,0,46,7,0.438,11.3,0,0
1.28,397.0,0,34,5,0.676,4.9,1,1
3.25,758.0,0,41,2,0.513,9.8,1,0
2.21,859.0,0,38,3,0.523,0.3,1,1
0.55,117.0,0,18,2,0.369,12.3,0,0
3.49,-1.0,1,38,3,0.736,11.7,1,1
2.54,255.0,0,42,1,0.281,6.7,0,0
8.64,566.0,0,18,4,0.83,2.8,1,1
3.6,131.0,0,24,3,0.841,12.4,0,0
7.52,274.0,0,32,1,0.539,6.4,1,1
2.86,546.0,0,23,5,0.125,15.8,0,0
1.81,-1.0,1,50,5,0.2,1.6,1,1
2.01,746.0,0,24,3,0.379,17.3,1,0
1.79,219.0,0,36,1,0.36,23.3,1,0
0.06,466.0,0,27,2,0.216,9.6,1,0
1.43,849.0,0,45,11,0.871,28.0,1,1
13.8,569.0,0,27,3,0.548,8.9,1,1
4.69,324.0,0,59,0,0.295,40.7,1,1
14.09,799.0,0,20,2,0.363,50.9,1,1
29.73,577.0,0,33,3,0.758,9.7,0,0
3.58,352.0,0,48,5,0.767,12.7,1,1
1.4,162.0,0,37,3,0.859,11.8,1,1
4.82,360.0,0,31,2,0.385,55.4,0,0
4.73,451.0,0,22,5,0.634,10.6,0,0
2.47,438.0,0,46,4,0.421,33.2,0,1
7.71,-1.0,1,40,3,0.326,24.0,1,1
2.6,124.0,0,29,5,0.142,11.7,1,1
4.54,485.0,0,39,5,0.543,28.9,1,0
2.56,431.0,0,26,4,0.166,1.5,1,1
2.07,490.0,0,22,1,0.562,76.5,1,0
1.21,-1.0,1,26,1,0.218,30.3,1,0
16.17,451.0,0,25,3,0.144,31.0,1,0
4.11,854.0,0,42,5,0.329,4.7,1,1
4.71,678.0,0,41,5,0.658,1.3,1,1
1.41,-1.0,1,28,3,0.098,14.0,1,1
1.1,348.0,0,36,3,0.375,2.6,1,0
3.52,894.0,0,33,2,0.596,3.8,1,0
1.5,-1.0,1,18,1,0.234,22.0,1,0
7.87,188.0,0,25,3,0.713,12.2,0,1
10.72,523.0,0,34,2,0.485,15.6,1,0
19.64,196.0,0,28,4,0.877,12.8,0,1
0.3,792.0,0,24,3,0.791,6.0,1,1
4.92,476.0,0,21,2,0.419,14.5,0,0
9.09,115.0,0,31,5,0.88,1.4,0,0
1.14,162.0,0,31,6,0.336,42.8,1,0
0.22,185.0,0,31,4,0.217,12.8,0,0
1.75,412.0,0,58,3,0.75,3.2,1,1
6.41,214.0,0,25,4,0.758,5.7,1,1
1.01,242.0,0,29,4,0.688,11.5,1,1
21.17,712.0,0,18,3,0.219,53.3,1,0
29.11,858.0,0,18,4,0.769,4.2,1,0
15.74,539.0,0,36,6,0.079,46.7,1,0
7.06,459.0,0,43,6,0.545,9.5,1,1
10.75,92.0,0,37,4,0.594,147.6,1,0
4.18,193.0,0,36,2,0.69,11.1,0,0
3.72,532.0,0,30,0,0.625,2.6,0,0
4.75,117.0,0,22,3,0.801,10.3,1,1
10.27,839.0,0,24,4,0.276,25.7,1,0
7.65,257.0,0,30,6,0.367,13.9,1,1
2.4,562.0,0,34,1,0.758,0.8,1,1
3.38,582.0,0,28,1,0.466,8.4,1,0
7.06,319.0,0,31,2,0.065,8.8,1,1
7.39,433.0,0,26,1,0.53,0.4,1,1
6.45,563.0,0,46,2,0.714,90.3,1,1
2.14,258.0,0,35,6,0.32,39.7,1,1
15.22,-1.0,1,37,3,0.843,81.6,1,0
10.01,731.0,0,18,4,0.44,27.0,0,0
3.5,817.0,0,24,1,0.444,5.0,0,1
1.16,166.0,0,25,3,0.727,39.6,1,1
10.14,365.0,0,20,6,0.197,34.3,1,1
0.93,491.0,0,18,0,0.587,16.3,1,1
14.35,-1.0,1,25,6,0.521,43.7,0,1
0.6,350.0,0,40,1,0.241,1.9,0,0
3.14,491.0,0,24,5,0.475,7.0,0,0
6.46,818.0,0,18,2,0.766,9.9,0,0
0.62,-1.0,1,25,3,0.383,23.8,0,0
1.28,791.0,0,45,3,0.368,38.4,0,0
2.09,450.0,0,27,4,0.559,27.9,1,1
9.99,-1.0,1,25,3,0.393,8.2,1,1
0.66,814.0,0,42,3,0.507,23.7,0,1
4.97,248.0,0,23,3,0.514,15.8,1,1
7.79,405.0,0,34,1,0.341,7.9,1,1
2.31,280.0,0,55,3,0.561,20.2,1,1
1.97,807.0,0,33,5,0.892,0.2,1,1
12.88,687.0,0,48,2,0.282,2.5,1,1
7.55,253.0,0,35,0,0.616,22.3,1,1
4.17,-1.0,1,21,4,0.288,8.2,1,0
0.24,-1.0,1,38,2,0.104,18.5,1,0
13.87,471.0,0,18,4,0.762,1.7,1,0
0.55,156.0,0,28,1,0.518,1.9,1,1
4.63,774.0,0,52,4,0.494,27.7,0,1
10.08,-1.0,1,23,1,0.486,3.1,0,0
8.52,-1.0,1,18,2,0.42,42.8,1,1
4.08,518.0,0,25,3,0.239,11.9,1,1
5.33,415.0,0,45,3,0.29,9.0,1,0
7.6,-1.0,1,35,7,0.234,63.1,1,0
7.06,-1.0,1,37,1,0.795,14.2,1,0
1.8,-1.0,1,46,1,0.376,60.6,0,0
2.84,556.0,0,28,2,0.542,20.1,1,0
8.43,727.0,0,46,1,0.497,13.1,1,1
0.27,809.0,0,60,7,0.586,47.5,0,0
1.14,704.0,0,25,5,0.568,14.1,0,0
7.26,144.0,0,45,4,0.248,0.6,1,0
14.81,769.0,0,35,6,0.518,38.5,1,1
2.84,149.0,0,27,2,0.42,33.0,1,0
7.46,547.0,0,25,1,0.648,10.2,1,1
2.16,548.0,0,26,1,0.776,48.4,1,0
4.12,576.0,0,26,2,0.855,14.6,1,1
4.09,336.0,0,30,4,0.516,25.4,1,1
3.62,421.0,0,26,3,0.329,3.0,1,0
1.2,-1.0,1,35,1,0.465,54.0,1,1
0.38,603.0,0,47,5,0.546,115.6,1,0
12.82,599.0,0,21,3,0.837,1.5,1,1
2.81,-1.0,1,40,5,0.462,7.4,1,1
5.93,-1.0,1,29,1,0.384,12.2,1,1
7.33,535.0,0,37,5,0.556,9.9,1,1
3.0,161.0,0,48,3,0.303,1.4,1,1
4.95,620.0,0,31,5,0.444,38.4,1,1
6.41,810.0,0,43,2,0.448,53.6,0,0
6.11,662.0,0,50,4,0.765,2.7,1,1
1.84,158.0,0,48,3,0.665,7.9,0,1
2.98,188.0,0,41,0,0.396,20.2,1,1
2.64,440.0,0,28,6,0.488,39.4,1,1
0.75,753.0,0,38,2,0.348,2.6,1,1
0.49,-1.0,1,60,4,0.26,7.7,1,0
1.87,-1.0,1,34,3,0.279,47.2,0,0
0.24,432.0,0,23,1,0.759,6.7,0,1
0.25,683.0,0,49,5,0.295,4.2,1,1
23.68,605.0,0,35,6,0.479,9.3,1,1
0.2,841.0,0,34,0,0.588,9.6,1,1
0.23,-1.0,1,32,4,0.245,16.7,1,0
19.15,271.0,0,25,1,0.757,3.8,1,0
3.82,138.0,0,32,4,0.447,34.0,1,1
0.96,702.0,0,39,2,0.29,0.1,0,0
3.79,-1.0,1,34,2,0.555,33.6,0,0
2.79,709.0,0,33,5,0.869,10.1,0,1
7.45,233.0,0,18,1,0.348,5.3,1,1
3.83,331.0,0,36,3,0.252,45.3,0,0
2.24,685.0,0,31,1,0.741,8.2,1,1
13.41,832.0,0,35,5,0.56,0.4,0,0
0.7,-1.0,1,18,3,0.722,30.4,1,0
5.36,-1.0,1,31,2,0.278,0.3,1,0
1.57,267.0,0,33,3,0.896,72.2,1,1
2.39,576.0,0,45,2,0.542,52.9,1,1
10.13,152.0,0,30,1,0.29,17.6,1,1
24.15,-1.0,1,25,3,0.565,17.1,1,1
0.74,218.0,0,18,2,0.371,4.1,1,1
9.38,615.0,0,31,4,0.615,87.3,1,1
5.44,-1.0,1,38,5,0.634,21.7,1,0
12.84,631.0,0,31,5,0.773,32.7,1,0
14.98,691.0,0,24,4,0.263,4.3,1,0
6.19,127.0,0,50,4,0.751,0.2,1,0
11.33,790.0,0,43,0,0.957,28.9,1,1
8.7,247.0,0,34,2,0.354,51.9,1,0
2.66,253.0,0,31,6,0.161,28.6,0,0
0.11,410.0,0,41,4,0.199,4.3,0,0
4.12,-1.0,1,18,4,0.761,5.4,1,1
3.79,304.0,0,28,0,0.125,25.0,0,0
4.47,-1.0,1,33,4,0.882,92.1,1,0
0.18,581.0,0,43,5,0.402,27.9,1,0
6.73,505.0,0,36,3,0.528,38.4,1,0
0.65,686.0,0,27,1,0.649,2.6,1,1
0.95,742.0,0,41,3,0.157,9.7,0,1
29.01,718.0,0,32,7,0.693,56.1,1,0
1.94,864.0,0,32,8,0.645,12.5,0,1
0.81,-1.0,1,34,0,0.714,24.0,0,1
8.22,-1.0,1,46,1,0.411,0.1,1,1
10.02,120.0,0,28,2,0.616,14.4,1,1
11.24,-1.0,1,30,0,0.54,41.1,0,0
4.93,527.0,0,25,1,0.189,0.2,1,1
3.07,318.0,0,24,1,0.535,28.2,1,1
1.3,-1.0,1,29,5,0.514,0.4,1,0
1.83,583.0,0,19,3,0.256,36.5,1,1
1.3,411.0,0,33,3,0.8,9.0,1,1
0.77,152.0,0,47,3,0.63,5.0,1,1
16.22,385.0,0,58,3,0.818,33.5,0,0
10.76,110.0,0,19,2,0.078,9.7,1,1
5.55,643.0,0,29,1,0.339,1.3,0,1
1.16,597.0,0,18,2,0.48,14.8,0,0
2.87,677.0,0,37,5,0.115,58.0,1,0
1.49,656.0,0,28,3,0.377,13.5,1,1
18.04,638.0,0,35,1,0.319,4.4,1,0
1.12,-1.0,1,33,4,0.114,19.8,1,1
4.87,735.0,0,36,1,0.804,5.1,1,1
1.65,892.0,0,18,3,0.412,15.8,1,1
0.68,809.0,0,28,3,0.934,34.7,1,1
9.06,761.0,0,37,2,0.575,129.2,1,0
2.18,100.0,0,26,4,0.791,1.7,0,1
8.06,149.0,0,27,5,0.639,5.4,1,1
0.1,194.0,0,31,2,0.549,63.0,1,1
4.2,791.0,0,51,5,0.684,4.8,1,1
1.98,144.0,0,24,7,0.2,4.3,1,1
0.7,715.0,0,26,4,0.463,35.0,1,1
7.15,228.0,0,18,3,0.528,1.4,0,0
4.83,-1.0,1,25,3,0.581,24.7,0,0
8.47,545.0,0,45,2,0.794,78.0,1,1
4.58,-1.0,1,33,1,0.862,30.1,0,1
15.78,409.0,0,44,1,0.618,42.2,1,1
1.33,286.0,0,18,3,0.883,3.1,1,0
0.54,733.0,0,33,1,0.691,8.2,1,1
0.86,220.0,0,34,4,0.41,37.6,1,0
0.03,-1.0,1,31,3,0.287,6.9,1,1
3.09,589.0,0,34,4,0.377,74.5,0,0
12.0,856.0,0,37,6,0.372,58.1,1,1
9.95,842.0,0,34,6,0.201,1.3,1,0
1.17,177.0,0,35,2,0.166,27.7,0,0
4.81,98.0,0,20,2,0.605,4.9,1,1
2.73,310.0,0,27,3,0.438,44.7,1,0
10.37,487.0,0,18,4,0.763,13.8,0,0
0.52,-1.0,1,21,4,0.502,47.2,1,0
0.13,833.0,0,28,3,0.421,30.7,0,0
15.3,260.0,0,36,2,0.483,81.1,0,0
9.95,795.0,0,30,2,0.452,75.2,1,1
1.97,269.0,0,39,5,0.688,47.1,1,0
2.81,186.0,0,22,4,0.039,36.1,1,0
3.69,849.0,0,55,4,0.552,0.3,0,0
5.74,264.0,0,26,3,0.676,13.9,1,1
3.93,214.0,0,32,1,0.455,77.9,0,0
0.62,383.0,0,31,3,0.329,7.2,1,0
3.93,100.0,0,25,5,0.354,37.5,0,0
9.46,-1.0,1,29,3,0.093,5.4,1,0
3.15,301.0,0,44,3,0.861,10.2,0,0
4.8,167.0,0,24,3,0.636,66.9,1,1
4.01,256.0,0,40,6,0.439,36.4,1,0
7.0,528.0,0,18,2,0.444,6.5,1,0
3.08,120.0,0,32,2,0.422,32.3,1,1
5.23,743.0,0,36,2,0.509,51.5,1,0
1.41,839.0,0,19,2,0.463,46.3,0,0
0.67,278.0,0,20,2,0.262,113.6,0,0
6.73,569.0,0,18,3,0.597,21.6,1,1
11.13,718.0,0,18,8,0.588,75.8,1,0
4.08,755.0,0,40,2,0.86,88.0,0,0
4.43,131.0,0,36,2,0.482,46.3,1,1
0.35,96.0,0,25,1,0.513,11.1,1,1
0.24,473.0,0,36,4,0.334,39.9,0,1
1.45,663.0,0,36,0,0.265,43.6,0,0
22.35,-1.0,1,34,3,0.737,3.9,1,1
5.61,351.0,0,23,2,0.397,3.3,1,0
7.61,547.0,0,18,3,0.569,0.9,1,1
8.95,844.0,0,45,5,0.659,3.5,1,1
1.83,773.0,0,24,2,0.223,70.6,1,1
3.15,117.0,0,56,1,0.663,22.5,1,0
2.72,252.0,0,28,5,0.363,13.0,1,1
17.77,216.0,0,18,1,0.539,3.4,1,1
3.09,728.0,0,29,3,0.959,28.8,0,0
8.4,813.0,0,48,5,0.907,26.0,1,1
0.82,211.0,0,37,3,0.248,12.7,0,0
2.76,739.0,0,39,3,0.804,7.0,1,0
1.41,815.0,0,34,2,0.338,44.6,0,0
7.99,703.0,0,29,6,0.771,5.5,0,1
9.95,162.0,0,37,5,0.217,4.2,1,0
16.44,660.0,0,41,4,0.16,20.6,0,0
17.68,129.0,0,29,2,0.497,4.8,1,1
8.14,163.0,0,45,5,0.475,73.5,1,1
5.75,489.0,0,29,2,0.181,116.2,1,0
4.86,883.0,0,35,5,0.133,24.7,1,1
1.34,512.0,0,18,1,0.548,5.2,1,1
7.29,329.0,0,30,2,0.63,16.2,1,1
1.09,158.0,0,51,3,0.576,48.6,1,0
1.06,504.0,0,26,4,0.37,16.7,1,1
2.1,169.0,0,18,2,0.674,15.6,1,1
1.08,814.0,0,29,3,0.735,3.1,0,0
29.82,597.0,0,32,4,0.431,18.9,0,0
19.27,534.0,0,26,4,0.554,40.7,1,0
1.49,-1.0,1,21,3,0.262,51.9,0,0
21.22,310.0,0,37,0,0.347,2.9,1,0
7.54,666.0,0,43,5,0.309,34.8,1,1
8.7,765.0,0,30,5,0.481,12.7,0,0
2.97,134.0,0,18,2,0.288,5.8,1,0
1.08,-1.0,1,43,5,0.659,1.0,0,0
0.86,634.0,0,24,5,0.17,37.4,1,1
4.56,890.0,0,35,3,0.66,9.1,0,0
2.85,269.0,0,32,3,0.677,39.0,1,1
3.01,280.0,0,18,2,0.688,17.4,1,0
3.14,-1.0,1,31,2,0.194,25.0,1,0
8.76,598.0,0,22,4,0.218,6.9,1,0
16.35,103.0,0,30,3,0.36,47.7,0,0
8.45,-1.0,1,36,5,0.155,3.2,0,0
1.46,103.0,0,34,4,0.806,45.0,0,1
7.21,-1.0,1,49,1,0.778,40.0,1,1
0.23,228.0,0,40,3,0.519,30.1,1,0
13.73,620.0,0,26,4,0.025,22.3,1,1
1.11,-1.0,1,44,3,0.343,7.2,1,1
6.4,326.0,0,36,5,0.126,81.2,0,0
0.68,502.0,0,21,3,0.09,24.5,0,0
10.97,397.0,0,41,3,0.485,89.8,1,0
2.11,-1.0,1,45,2,0.106,52.7,1,0
0.57,172.0,0,18,3,0.597,51.6,0,0
4.59,759.0,0,34,3,0.346,20.4,1,0
4.75,798.0,0,35,4,0.721,5.0,1,1
0.05,751.0,0,46,1,0.191,37.4,1,0
5.69,-1.0,1,41,4,0.806,10.7,1,1
4.47,486.0,0,35,5,0.666,18.0,1,1
21.68,524.0,0,18,1,0.513,49.3,1,0
7.0,126.0,0,18,3,0.402,6.7,1,1
2.59,852.0,0,38,4,0.746,17.5,0,0
0.2,432.0,0,18,1,0.532,50.8,1,0
0.79,569.0,0,28,3,0.18,32.4,1,0
3.24,465.0,0,46,0,0.378,16.7,1,1
2.72,356.0,0,36,2,0.587,45.7,1,1
8.21,728.0,0,31,2,0.452,29.9,1,0
1.22,888.0,0,42,2,0.56,19.0,1,1
12.81,-1.0,1,25,1,0.284,15.3,1,1
7.88,557.0,0,65,3,0.378,16.7,0,0
15.85,-1.0,1,18,5,0.568,6.0,1,1
8.08,-1.0,1,37,2,0.897,18.6,0,1
1.45,895.0,0,18,1,0.727,16.2,0,1
0.34,-1.0,1,26,5,0.83,33.8,1,1
3.79,-1.0,1,44,2,0.926,31.7,0,1
11.89,885.0,0,18,2,0.905,20.1,1,1
0.93,148.0,0,34,2,0.514,36.8,0,0
7.05,-1.0,1,18,3,0.611,8.4,1,1
2.99,889.0,0,25,1,0.487,1.7,1,1
12.96,825.0,0,47,2,0.356,5.9,1,1
12.15,605.0,0,48,2,0.846,0.2,1,1
1.36,370.0,0,36,3,0.808,1.4,0,0
2.01,672.0,0,29,0,0.647,13.1,1,1
38.71,543.0,0,43,1,0.312,30.2,1,0
2.71,367.0,0,37,3,0.058,38.9,0,0
13.55,-1.0,1,45,3,0.178,1.6,1,0
1.06,198.0,0,32,1,0.414,11.5,0,1
3.96,332.0,0,26,3,0.117,39.9,0,0
12.04,370.0,0,28,4,0.404,4.9,0,0
1.5,583.0,0,19,3,0.551,15.0,1,0
2.05,597.0,0,23,3,0.133,20.3,1,1
11.16,593.0,0,21,3,0.672,2.9,1,1
12.09,329.0,0,43,4,0.419,65.5,1,0
1.36,764.0,0,36,1,0.556,7.6,0,0
13.51,462.0,0,37,4,0.551,3.8,1,0
9.81,758.0,0,33,3,0.582,11.5,0,0
1.38,195.0,0,39,3,0.966,5.9,0,1
5.02,250.0,0,31,5,0.694,55.5,0,0
2.81,800.0,0,37,2,0.769,11.2,1,1
2.2,-1.0,1,36,1,0.283,70.0,1,0
8.79,691.0,0,34,1,0.504,5.0,1,1
23.77,-1.0,1,29,5,0.23,61.4,0,0
3.52,458.0,0,29,6,0.525,11.5,1,0
1.64,624.0,0,44,2,0.38,10.0,1,1
7.5,528.0,0,42,8,0.291,46.7,1,0
9.6,884.0,0,28,3,0.809,13.6,1,0
1.75,340.0,0,35,8,0.686,2.7,1,1
1.11,-1.0,1,44,6,0.407,40.9,1,0
4.91,849.0,0,33,1,0.253,16.9,1,1
8.83,-1.0,1,36,3,0.343,56.5,1,0
3.3,123.0,0,18,2,0.201,54.3,0,1
8.67,600.0,0,32,5,0.631,27.4,1,0
1.97,685.0,0,30,6,0.233,8.4,1,0
1.23,-1.0,1,18,1,0.525,34.7,1,1
13.62,688.0,0,29,1,0.593,15.8,0,0
5.51,270.0,0,21,3,0.614,11.4,0,0
6.05,-1.0,1,40,2,0.434,3.8,0,0
2.01,291.0,0,40,6,0.551,6.8,1,1
5.19,453.0,0,24,4,0.766,21.9,1,1
0.83,274.0,0,32,4,0.463,38.4,1,0
4.81,726.0,0,18,8,0.698,23.6,1,0
0.93,718.0,0,47,4,0.524,10.5,0,1
2.57,547.0,0,42,4,0.701,83.7,0,1
3.75,160.0,0,25,1,0.224,12.5,1,0
0.17,-1.0,1,27,5,0.608,6.9,0,0
0.42,499.0,0,26,5,0.351,30.3,1,1
8.7,118.0,0,32,3,0.669,41.4,1,1
5.72,473.0,0,29,3,0.475,14.0,0,0
0.45,817.0,0,28,2,0.763,10.9,0,0
2.68,651.0,0,21,3,0.852,11.2,0,1
3.18,603.0,0,19,1,0.269,1.2,0,0
0.16,391.0,0,22,1,0.393,10.3,1,0
3.49,305.0,0,40,3,0.543,7.4,1,1
9.53,359.0,0,26,2,0.976,10.8,1,1
7.06,872.0,0,32,4,0.269,8.3,1,1
2.62,537.0,0,22,4,0.929,2.9,0,1
0.52,699.0,0,32,2,0.687,15.3,1,1
9.19,793.0,0,29,1,0.188,9.0,1,1
9.05,177.0,0,25,6,0.313,19.8,1,1
6.39,470.0,0,20,3,0.179,37.5,1,0
1.35,777.0,0,25,1,0.841,1.1,1,1
16.01,306.0,0,32,2,0.836,14.2,1,1
12.63,-1.0,1,25,1,0.241,14.5,0,1
12.47,-1.0,1,40,8,0.641,14.2,0,0
0.24,283.0,0,21,5,0.198,6.6,0,0
9.2,-1.0,1,18,2,0.683,32.5,1,1
5.09,330.0,0,21,5,0.868,14.5,1,1
21.65,506.0,0,32,3,0.681,1.9,1,0
2.35,245.0,0,28,2,0.794,5.3,0,0
11.74,309.0,0,23,2,0.735,13.1,1,0
3.25,235.0,0,35,1,0.54,38.8,1,0
3.19,381.0,0,29,4,0.484,14.0,1,1
16.42,244.0,0,32,3,0.242,44.9,1,0
4.81,481.0,0,29,4,0.603,5.6,0,0
5.71,639.0,0,19,3,0.853,11.4,0,0
4.19,354.0,0,43,3,0.23,40.9,1,0
11.23,839.0,0,48,5,0.632,1.9,0,0
6.28,831.0,0,18,4,0.387,1.4,1,0
0.05,247.0,0,44,4,0.275,19.0,1,0
4.79,733.0,0,38,3,0.652,12.2,1,1
4.64,531.0,0,32,0,0.785,2.9,1,1
1.64,870.0,0,36,1,0.78,27.6,1,0
4.77,806.0,0,27,4,0.445,11.1,0,0
3.75,281.0,0,41,4,0.676,15.8,1,1
5.46,392.0,0,36,3,0.236,9.9,1,1
7.2,281.0,0,24,3,0.815,19.9,1,0
11.88,-1.0,1,18,3,0.561,1.3,1,1
2.45,105.0,0,18,2,0.456,65.7,1,0
2.93,792.0,0,44,1,0.381,5.4,1,1
5.07,-1.0,1,37,1,0.581,51.0,0,0
7.12,610.0,0,21,2,0.387,25.9,1,0
2.23,872.0,0,38,1,0.443,25.5,1,0
10.72,-1.0,1,29,7,0.617,62.9,1,1
5.64,377.0,0,40,3,0.346,53.1,0,0
12.37,266.0,0,36,1,0.229,18.1,1,1
2.16,375.0,0,47,5,0.704,68.9,1,0
0.2,-1.0,1,30,4,0.45,5.4,1,1
1.38,255.0,0,34,5,0.538,8.8,1,1
1.48,453.0,0,38,2,0.774,0.5,0,1
0.24,686.0,0,18,5,0.342,1.9,1,1
2.41,488.0,0,18,5,0.301,9.4,1,1
1.39,635.0,0,41,7,0.467,5.7,1,0
6.45,-1.0,1,26,2,0.378,20.0,1,1
3.11,828.0,0,18,3,0.509,31.8,1,1
0.22,631.0,0,49,0,0.798,21.6,1,1
18.73,776.0,0,33,6,0.322,13.9,0,0
2.5,695.0,0,28,4,0.446,0.3,1,1
5.33,846.0,0,26,2,0.904,35.8,1,1
16.67,841.0,0,45,4,0.758,3.6,1,1
8.27,211.0,0,18,2,0.6,13.9,1,0
0.31,616.0,0,38,4,0.56,8.6,1,1
12.54,423.0,0,26,2,0.89,6.0,0,1
5.96,124.0,0,32,4,0.616,13.2,1,1
3.97,823.0,0,34,5,0.417,12.1,1,1
6.49,-1.0,1,28,4,0.634,0.1,0,1
6.81,-1.0,1,29,2,0.166,8.6,1,0
15.55,677.0,0,44,7,0.24,74.4,1,0
4.06,813.0,0,36,3,0.324,9.2,0,0
0.68,561.0,0,30,1,0.681,17.9,0,0
1.5,335.0,0,43,3,0.748,3.6,1,1
4.67,336.0,0,28,3,0.273,6.7,1,0
10.68,-1.0,1,24,1,0.647,10.8,1,1
0.8,284.0,0,22,1,0.633,49.4,0,0
18.05,447.0,0,22,3,0.846,9.8,1,1
5.77,302.0,0,22,3,0.849,14.8,1,0
10.9,771.0,0,45,0,0.716,0.2,1,0
4.54,563.0,0,43,3,0.268,1.5,1,1
0.73,159.0,0,43,7,0.223,24.3,1,1
1.15,374.0,0,30,3,0.778,11.3,0,0
2.06,346.0,0,49,5,0.669,52.9,1,0
0.71,738.0,0,30,5,0.521,37.7,0,0
3.48,863.0,0,20,1,0.654,12.6,1,1
24.63,-1.0,1,27,3,0.765,19.4,1,1
7.77,169.0,0,36,1,0.466,16.3,1,0
12.92,326.0,0,56,2,0.481,26.4,1,0
3.85,856.0,0,29,3,0.78,2.5,1,1
8.22,562.0,0,34,3,0.504,9.9,1,1
10.13,456.0,0,18,2,0.458,9.5,0,1
5.66,229.0,0,18,5,0.417,81.0,1,0
4.27,636.0,0,24,1,0.194,25.9,0,0
1.12,830.0,0,19,2,0.299,8.0,1,0
2.16,654.0,0,30,2,0.256,4.6,1,0
0.43,385.0,0,31,5,0.594,82.5,0,1
3.43,707.0,0,25,4,0.483,25.7,1,1
2.38,867.0,0,40,2,0.47,19.9,1,1
3.88,774.0,0,25,0,0.855,12.1,1,1
11.12,821.0,0,21,3,0.603,7.6,1,1
0.65,-1.0,1,34,1,0.798,24.2,1,1
0.44,253.0,0,21,2,0.467,15.9,1,1
11.76,864.0,0,18,3,0.07,22.0,1,0
7.66,422.0,0,38,3,0.423,72.4,0,0
2.32,647.0,0,40,5,0.585,2.5,1,1
11.97,351.0,0,38,3,0.37,3.8,1,0
6.34,305.0,0,39,4,0.115,4.6,1,0
8.01,706.0,0,61,1,0.322,17.8,1,1
1.43,169.0,0,24,2,0.232,10.4,1,0
6.6,145.0,0,41,1,0.709,20.4,1,1
0.36,668.0,0,33,4,0.582,12.2,1,0
3.66,-1.0,1,40,1,0.346,3.3,1,0
4.42,-1.0,1,18,6,0.277,11.5,1,0
6.63,614.0,0,38,0,0.398,5.6,1,1
5.79,478.0,0,39,1,0.301,10.2,0,1
15.77,-1.0,1,50,1,0.675,27.3,1,1
30.62,717.0,0,48,5,0.242,0.4,1,0
0.12,255.0,0,21,2,0.493,21.6,0,0
2.52,487.0,0,18,2,0.139,71.6,1,0
5.24,773.0,0,34,2,0.623,78.3,1,1
16.69,448.0,0,40,0,0.323,18.5,0,0
6.54,803.0,0,47,3,0.895,3.2,1,0
4.36,477.0,0,32,5,0.203,4.2,1,0
9.61,582.0,0,47,5,0.393,9.7,0,1
3.04,581.0,0,31,3,0.694,8.4,1,1
4.53,-1.0,1,26,7,0.652,6.1,1,1
0.21,-1.0,1,30,2,0.135,55.7,1,1
8.11,369.0,0,37,1,0.312,52.9,0,0
8.9,850.0,0,29,2,0.463,0.4,1,1
28.24,286.0,0,42,1,0.555,21.9,0,0
0.08,571.0,0,25,5,0.303,6.7,1,1
3.47,417.0,0,28,1,0.074,126.2,0,0
2.34,285.0,0,22,4,0.307,62.4,0,0
15.62,661.0,0,54,5,0.279,19.2,0,0
0.23,551.0,0,22,4,0.644,47.0,1,1
10.29,-1.0,1,44,3,0.076,31.1,1,1
5.88,-1.0,1,49,3,0.424,23.1,1,1
3.17,-1.0,1,38,1,0.646,1.8,1,0
0.74,-1.0,1,24,2,0.594,23.0,0,1
1.58,-1.0,1,18,4,0.159,0.2,1,0
1.13,428.0,0,30,3,0.718,0.2,1,1
3.61,874.0,0,37,1,0.694,28.1,1,0
1.67,701.0,0,18,0,0.432,11.9,1,0
5.02,861.0,0,36,4,0.643,12.7,1,0
6.71,393.0,0,35,5,0.476,28.8,1,1
1.34,154.0,0,45,5,0.379,79.0,0,0
4.76,715.0,0,30,1,0.545,22.8,1,0
21.28,-1.0,1,27,5,0.651,35.4,1,1
2.55,97.0,0,24,1,0.376,45.8,0,0
3.22,602.0,0,45,6,0.846,19.0,1,1
3.32,204.0,0,25,1,0.228,133.2,1,1
5.9,167.0,0,40,5,0.11,1.2,1,1
4.39,565.0,0,45,0,0.442,0.2,0,0
3.4,638.0,0,18,5,0.702,49.9,1,0
4.53,145.0,0,40,2,0.55,16.2,1,1
1.23,180.0,0,40,4,0.467,70.4,1,1
4.66,769.0,0,36,3,0.377,38.6,1,1
0.11,174.0,0,39,7,0.855,43.5,1,1
13.18,868.0,0,52,2,0.474,26.0,1,1
2.74,609.0,0,23,4,0.684,16.8,1,1
2.59,686.0,0,29,1,0.407,21.1,1,1
2.89,344.0,0,33,3,0.306,6.8,1,0
7.17,871.0,0,23,3,0.621,30.2,1,1
0.98,635.0,0,32,4,0.084,46.8,1,0
3.2,594.0,0,34,4,0.386,27.0,1,0
13.23,496.0,0,34,2,0.808,46.8,0,1
4.94,369.0,0,26,1,0.449,42.6,1,1
7.02,734.0,0,40,2,0.157,10.4,1,1
7.37,-1.0,1,34,4,0.506,30.3,1,1
2.02,385.0,0,32,2,0.069,17.0,1,0
6.25,-1.0,1,32,2,0.829,20.5,1,1
24.65,171.0,0,28,4,0.311,50.3,1,0
12.4,590.0,0,39,5,0.772,17.8,1,1
12.17,761.0,0,20,8,0.257,6.6,1,0
3.23,419.0,0,35,1,0.481,12.9,0,1
0.25,704.0,0,44,2,0.429,42.0,1,0
5.71,776.0,0,32,5,0.501,35.6,1,1
3.16,-1.0,1,35,6,0.794,23.6,0,0
9.05,606.0,0,61,1,0.344,48.6,1,0
0.39,395.0,0,34,2,0.475,39.1,1,0
9.63,90.0,0,18,3,0.257,46.0,1,0
2.48,146.0,0,28,8,0.139,9.9,0,0
1.47,664.0,0,25,3,0.529,2.0,1,1
7.26,612.0,0,54,3,0.721,27.2,0,0
5.35,807.0,0,18,5,0.835,35.1,1,0
0.19,392.0,0,18,4,0.493,5.8,1,1
3.59,422.0,0,18,3,0.384,32.6,1,0
8.08,661.0,0,30,6,0.425,1.0,1,1
2.81,-1.0,1,41,0,0.471,1.4,0,0
40.82,698.0,0,35,3,0.203,14.1,1,1
4.09,724.0,0,26,9,0.82,40.8,0,0
9.59,-1.0,1,18,3,0.695,4.9,1,1
3.95,481.0,0,24,3,0.33,33.1,1,1
9.85,175.0,0,18,4,0.113,63.7,1,1
5.32,207.0,0,57,3,0.434,40.1,0,0
2.68,490.0,0,18,3,0.078,42.6,0,0
0.62,587.0,0,41,2,0.218,1.2,1,0
0.28,507.0,0,22,6,0.529,2.7,1,1
8.03,692.0,0,31,2,0.254,32.2,0,1
0.23,776.0,0,40,3,0.284,4.8,1,1
5.41,849.0,0,21,2,0.534,96.5,0,0
7.67,-1.0,1,43,1,0.903,40.9,1,1
0.22,-1.0,1,24,2,0.642,3.7,0,1
18.05,734.0,0,26,2,0.539,16.3,1,0
0.18,271.0,0,25,4,0.834,57.1,0,0
6.37,810.0,0,18,1,0.681,5.8,1,0
0.12,427.0,0,30,3,0.474,13.4,1,0
12.15,-1.0,1,18,0,0.545,1.4,0,0
5.6,-1.0,1,30,3,0.17,13.6,1,0
8.71,120.0,0,35,4,0.225,5.6,0,0
12.09,867.0,0,30,3,0.682,16.6,0,1
11.14,798.0,0,25,1,0.464,1.4,1,1
1.94,679.0,0,28,4,0.686,1.9,0,0
0.01,599.0,0,22,4,0.889,9.7,1,1
10.42,-1.0,1,21,0,0.787,16.9,0,1
0.01,341.0,0,41,0,0.669,15.8,0,1
3.31,-1.0,1,18,2,0.468,45.9,1,1
3.68,-1.0,1,31,3,0.793,1.5,0,0
22.3,-1.0,1,23,3,0.27,30.1,0,0
7.75,343.0,0,22,3,0.716,112.4,0,0
30.74,514.0,0,49,3,0.327,19.4,1,1
1.18,231.0,0,18,1,0.882,10.7,1,0
2.68,-1.0,1,47,0,0.229,0.4,0,0
0.37,-1.0,1,18,3,0.909,103.0,0,0
11.01,287.0,0,19,2,0.137,2.6,1,1
2.24,266.0,0,33,3,0.633,2.3,1,1
5.36,223.0,0,41,5,0.597,61.3,1,0
8.28,430.0,0,39,6,0.681,0.2,1,1
2.02,745.0,0,41,4,0.57,35.7,1,1
1.88,93.0,0,42,1,0.272,5.9,0,0
0.03,115.0,0,37,3,0.861,1.5,1,0
8.44,353.0,0,44,1,0.297,0.5,1,0
10.53,124.0,0,36,2,0.897,11.6,1,1
4.63,891.0,0,34,2,0.503,12.2,1,1
2.95,346.0,0,18,1,0.491,3.9,1,0
3.56,375.0,0,18,2,0.443,17.8,1,1
0.77,94.0,0,34,3,0.537,10.4,1,1
1.4,114.0,0,34,2,0.706,6.3,0,1
2.07,598.0,0,27,2,0.753,5.8,1,0
4.04,519.0,0,21,5,0.445,28.0,1,0
7.25,776.0,0,38,6,0.073,51.9,0,0
1.56,-1.0,1,33,4,0.593,49.9,1,0
17.02,151.0,0,34,6,0.831,22.0,1,1
11.02,139.0,0,28,3,0.456,68.5,1,1
13.4,572.0,0,27,4,0.768,21.9,0,0
2.07,267.0,0,37,5,0.291,4.5,1,0
5.15,748.0,0,32,4,0.539,6.0,0,1
0.32,-1.0,1,30,3,0.745,11.5,1,0
14.72,821.0,0,30,2,0.329,14.2,0,0
8.17,702.0,0,36,1,0.448,2.5,1,0
0.95,751.0,0,18,2,0.14,15.3,1,1
2.18,404.0,0,18,3,0.033,7.5,1,0
7.01,695.0,0,24,6,0.977,14.1,0,1
0.52,733.0,0,18,3,0.768,18.7,0,0
2.04,240.0,0,42,5,0.397,12.4,1,1
12.24,558.0,0,30,5,0.546,0.3,1,1
11.54,826.0,0,40,3,0.683,17.7,1,1
2.0,407.0,0,18,1,0.306,5.6,1,0
8.64,-1.0,1,43,5,0.528,7.3,1,0
10.9,162.0,0,40,3,0.302,8.6,1,0
8.06,612.0,0,41,5,0.411,48.0,1,0
2.78,506.0,0,37,4,0.678,10.7,1,0
1.36,621.0,0,41,3,0.239,16.5,1,1
11.57,212.0,0,27,3,0.291,35.0,0,0
0.3,425.0,0,30,4,0.04,66.5,1,1
0.01,551.0,0,25,1,0.451,3.0,1,1
15.25,210.0,0,19,1,0.398,19.4,1,0
0.59,-1.0,1,35,2,0.667,36.5,1,0
5.18,590.0,0,43,6,0.568,121.3,1,1
1.08,94.0,0,20,5,0.521,23.8,1,0
1.08,568.0,0,30,7,0.255,64.5,1,0
9.54,710.0,0,35,3,0.446,26.5,1,1
0.97,601.0,0,33,1,0.58,19.6,1,1
2.39,561.0,0,25,2,0.35,13.5,1,0
50.0,407.0,0,25,3,0.768,3.0,1,1
2.47,429.0,0,31,3,0.638,130.2,1,0
1.11,174.0,0,34,2,0.781,7.4,1,1
8.83,421.0,0,43,5,0.354,23.4,1,0
2.49,390.0,0,34,3,0.655,66.0,1,0
8.44,831.0,0,36,3,0.438,5.0,1,1
1.77,258.0,0,31,4,0.695,0.2,0,0
2.27,704.0,0,42,3,0.393,15.6,1,0
5.69,483.0,0,18,4,0.085,38.8,1,0
0.85,762.0,0,19,5,0.524,3.2,1,1
3.06,199.0,0,22,1,0.35,7.0,1,1
6.02,-1.0,1,36,3,0.383,1.0,0,0
11.53,261.0,0,23,4,0.582,7.2,1,1
0.45,290.0,0,39,2,0.206,16.5,1,1
1.69,124.0,0,27,3,0.233,34.9,1,1
5.92,254.0,0,48,4,0.846,46.8,0,0
8.6,137.0,0,41,2,0.232,60.4,1,1
15.03,463.0,0,23,11,0.104,13.5,1,0
13.37,112.0,0,37,3,0.437,8.3,1,1
1.23,531.0,0,29,1,0.324,16.4,0,0
22.69,865.0,0,26,5,0.142,12.7,0,1
0.88,403.0,0,26,5,0.503,17.5,1,1
1.26,573.0,0,43,3,0.441,24.9,1,0
2.33,141.0,0,24,3,0.288,5.8,1,0
0.2,845.0,0,38,3,0.819,44.4,1,1
22.57,177.0,0,36,2,0.895,14.4,0,0
5.13,513.0,0,50,5,0.398,1.7,1,1
0.07,637.0,0,41,4,0.084,36.7,0,0
7.97,-1.0,1,31,3,0.626,62.9,0,0
8.2,707.0,0,18,3,0.748,5.7,0,0
2.39,683.0,0,35,1,0.26,3.6,1,1
3.08,441.0,0,33,2,0.67,3.5,1,0
10.78,232.0,0,41,5,0.267,7.0,1,1
4.28,142.0,0,53,1,0.249,27.3,0,0
9.29,-1.0,1,27,6,0.617,21.5,1,0
0.86,834.0,0,49,2,0.512,2.6,1,1
8.9,857.0,0,43,3,0.575,20.2,1,0
4.14,591.0,0,32,3,0.161,16.2,0,1
3.54,437.0,0,28,3,0.163,15.8,1,1
3.49,153.0,0,20,5,0.336,5.4,1,1
9.44,185.0,0,23,4,0.659,3.5,1,1
4.49,316.0,0,31,7,0.758,9.6,1,1
0.32,160.0,0,23,6,0.82,6.8,1,1
16.36,-1.0,1,32,2,0.202,4.4,1,1
1.81,-1.0,1,31,4,0.488,41.2,0,0
13.6,649.0,0,32,4,0.236,28.0,1,0
7.29,487.0,0,50,1,0.865,5.4,1,1
3.19,231.0,0,24,3,0.3,10.4,0,0
6.6,-1.0,1,27,2,0.93,12.8,0,1
8.88,299.0,0,47,3,0.534,10.6,1,0
14.96,197.0,0,51,2,0.112,49.2,1,0
22.85,725.0,0,35,4,0.941,2.8,1,0
0.69,793.0,0,38,7,0.247,43.4,1,1
9.93,223.0,0,18,5,0.528,92.2,1,0
1.56,665.0,0,18,3,0.392,20.0,1,0
4.12,219.0,0,18,4,0.301,1.5,1,0
4.46,781.0,0,34,2,0.592,8.3,1,0
0.94,202.0,0,18,1,0.539,51.0,1,1
1.74,145.0,0,35,5,0.831,5.8,0,1
2.98,712.0,0,19,2,0.355,31.7,0,0
8.19,254.0,0,29,3,0.441,4.8,1,0
0.2,645.0,0,49,6,0.278,34.2,0,0
9.02,224.0,0,29,3,0.536,10.6,1,1
19.74,351.0,0,47,1,0.891,23.9,0,0
3.57,-1.0,1,21,5,0.165,9.0,1,0
2.35,420.0,0,29,3,0.177,27.1,1,0
4.57,-1.0,1,30,3,0.6,23.9,1,1
7.83,600.0,0,33,2,0.686,9.7,1,1
0.33,586.0,0,41,2,0.15,0.2,1,0
1.18,669.0,0,43,5,0.649,10.0,0,0
2.72,174.0,0,42,4,0.43,16.8,1,1
3.53,196.0,0,18,3,0.47,29.8,1,0
0.94,252.0,0,41,1,0.375,34.9,1,0
0.25,275.0,0,33,5,0.652,14.3,0,0
5.06,206.0,0,55,5,0.767,16.4,1,1
6.31,-1.0,1,25,1,0.842,55.9,1,0
1.63,718.0,0,43,6,0.492,8.1,1,1
0.15,733.0,0,31,1,0.294,13.5,0,0
3.6,-1.0,1,28,5,0.077,4.1,1,1
1.7,627.0,0,44,2,0.505,57.4,1,0
2.92,641.0,0,40,1,0.595,44.2,0,0
1.22,431.0,0,18,5,0.557,27.5,0,0
16.43,737.0,0,30,5,0.571,45.6,1,1
3.41,365.0,0,35,3,0.542,1.5,1,1
2.06,260.0,0,65,4,0.382,13.8,1,1
5.65,373.0,0,32,3,0.754,24.9,1,1
4.14,457.0,0,44,1,0.512,1.5,1,0
1.63,808.0,0,27,1,0.631,13.7,1,1
0.02,-1.0,1,31,3,0.407,5.1,1,0
13.54,-1.0,1,45,2,0.58,12.9,1,1
2.47,678.0,0,26,3,0.6,111.6,0,0
4.3,456.0,0,18,2,0.016,18.6,1,1
4.16,583.0,0,37,2,0.359,26.6,1,1
9.83,863.0,0,32,3,0.462,2.8,0,0
2.88,888.0,0,43,5,0.604,11.5,0,0
1.97,-1.0,1,33,3,0.282,3.1,0,0
1.48,364.0,0,35,4,0.609,5.2,1,1
10.29,845.0,0,32,3,0.757,9.6,1,1
7.52,543.0,0,18,1,0.334,28.2,1,0
17.26,-1.0,1,30,0,0.281,9.0,0,0
3.85,187.0,0,18,3,0.149,72.6,0,0
18.25,634.0,0,32,1,0.417,15.0,1,0
8.98,-1.0,1,42,2,0.13,18.5,1,1
1.03,-1.0,1,18,3,0.625,50.8,1,1
0.2,171.0,0,29,5,0.148,32.1,1,0
7.88,845.0,0,21,2,0.845,3.8,0,0
16.07,257.0,0,47,3,0.598,12.3,1,1
10.2,756.0,0,49,1,0.705,24.8,0,1
4.6,566.0,0,33,3,0.673,0.8,1,0
6.15,724.0,0,34,1,0.308,59.3,0,0
4.57,861.0,0,44,2,0.618,35.6,1,1
12.91,733.0,0,32,2,0.694,30.4,1,1
7.43,732.0,0,35,4,0.837,16.6,0,1
27.42,682.0,0,18,2,0.428,4.5,1,1
5.88,647.0,0,23,2,0.312,14.8,1,1
2.78,250.0,0,32,2,0.703,88.5,0,1
0.81,827.0,0,30,6,0.667,32.3,1,0
3.0,462.0,0,26,4,0.251,31.7,1,0
3.36,864.0,0,21,2,0.821,38.9,0,0
7.78,570.0,0,37,3,0.744,44.6,1,1
1.13,307.0,0,31,3,0.798,8.5,1,0
9.43,865.0,0,38,4,0.171,31.2,0,0
21.89,826.0,0,22,5,0.459,3.8,0,0
5.12,319.0,0,46,3,0.75,4.1,0,0
14.47,258.0,0,24,3,0.792,14.5,0,0
8.42,870.0,0,33,3,0.964,15.7,1,1
3.43,815.0,0,34,7,0.831,4.0,1,1
10.13,425.0,0,29,4,0.679,15.6,1,1
1.1,224.0,0,38,4,0.717,1.3,1,1
1.75,149.0,0,32,1,0.68,44.9,0,0
0.57,-1.0,1,41,1,0.238,30.4,1,0
5.28,446.0,0,24,2,0.591,20.5,1,0
2.18,580.0,0,38,5,0.545,11.0,0,1
8.08,594.0,0,25,1,0.573,9.3,1,1
8.37,230.0,0,32,1,0.294,16.8,1,1
2.44,557.0,0,37,1,0.043,19.8,0,0
20.85,629.0,0,38,3,0.189,14.5,0,0
9.31,-1.0,1,38,4,0.414,44.9,1,1
2.12,846.0,0,37,2,0.681,1.8,1,1
4.34,894.0,0,37,1,0.574,5.1,0,0
3.15,94.0,0,35,3,0.12,28.7,1,1
3.45,884.0,0,43,2,0.359,10.9,1,0
11.82,763.0,0,31,3,0.623,18.9,1,1
3.41,450.0,0,44,2,0.569,104.9,0,0
1.75,396.0,0,36,2,0.77,44.6,1,0
2.6,217.0,0,39,3,0.753,26.7,1,1
17.68,520.0,0,35,4,0.471,3.5,1,0
5.57,660.0,0,18,3,0.287,4.9,1,0
8.11,663.0,0,34,3,0.482,3.3,0,1
10.84,203.0,0,39,2,0.149,0.3,0,1
7.14,-1.0,1,39,3,0.632,25.6,1,1
13.78,732.0,0,47,1,0.048,0.8,1,1
13.12,806.0,0,27,4,0.586,29.0,1,0
14.47,860.0,0,35,3,0.68,25.5,1,1
3.42,168.0,0,27,4,0.555,59.0,1,1
8.63,398.0,0,55,2,0.695,112.5,0,0
3.47,377.0,0,51,2,0.828,10.1,1,1
4.22,401.0,0,26,2,0.664,14.5,1,1
2.79,126.0,0,18,3,0.084,25.2,1,0
10.69,398.0,0,38,3,0.712,28.7,0,0
3.15,192.0,0,33,1,0.58,2.3,1,0
0.33,787.0,0,34,3,0.642,41.8,1,1
3.39,421.0,0,32,1,0.268,4.8,1,1
3.85,585.0,0,33,5,0.426,2.4,1,1
11.57,125.0,0,22,4,0.363,18.7,1,0
18.77,831.0,0,24,2,0.704,8.6,0,1
1.44,565.0,0,50,2,0.581,22.0,1,0
5.88,794.0,0,35,1,0.085,5.6,1,1
0.96,195.0,0,24,3,0.53,30.0,1,0
3.69,173.0,0,29,2,0.599,36.3,0,0
17.13,164.0,0,39,1,0.647,1.9,1,1
4.55,315.0,0,25,6,0.911,43.8,1,1
0.02,698.0,0,27,3,0.181,14.1,1,0
0.33,662.0,0,30,3,0.377,41.7,1,1
4.68,-1.0,1,33,4,0.56,7.1,1,1
5.7,-1.0,1,34,3,0.671,12.8,1,1
3.75,692.0,0,29,0,0.436,12.9,1,0
10.23,386.0,0,47,2,0.59,44.9,1,1
4.99,612.0,0,22,6,0.783,11.3,1,1
3.77,-1.0,1,39,3,0.507,1.5,0,1
0.26,843.0,0,21,2,0.82,14.8,0,1
0.27,776.0,0,37,2,0.415,32.8,1,0
2.84,180.0,0,40,2,0.659,8.3,0,0
0.99,668.0,0,31,4,0.426,56.2,1,0
9.4,272.0,0,25,3,0.612,1.0,1,1
5.26,252.0,0,30,7,0.595,10.9,1,1
5.0,760.0,0,39,4,0.585,22.4,1,1
16.39,802.0,0,35,2,0.135,13.1,1,0
6.03,589.0,0,42,2,0.326,10.6,1,1
9.53,693.0,0,30,6,0.483,6.9,1,1
0.04,841.0,0,39,3,0.882,4.9,1,1
12.24,320.0,0,39,0,0.588,19.6,1,1
0.0,651.0,0,32,7,0.464,7.8,0,0
7.32,-1.0,1,51,1,0.155,207.6,0,0
7.83,349.0,0,18,2,0.65,39.6,0,0
8.3,324.0,0,34,1,0.723,5.5,1,0
8.43,-1.0,1,30,2,0.609,4.6,0,0
8.51,376.0,0,26,3,0.175,22.2,0,0
1.55,810.0,0,26,1,0.32,26.7,1,0
3.14,90.0,0,30,4,0.814,1.3,1,1
16.14,662.0,0,26,2,0.722,2.5,1,0
3.88,439.0,0,23,6,0.681,41.4,0,0
5.26,566.0,0,33,4,0.266,49.8,1,0
3.56,280.0,0,23,1,0.578,16.7,1,1
4.51,847.0,0,27,2,0.566,43.5,1,1
29.59,260.0,0,23,1,0.281,7.5,1,0
3.63,769.0,0,23,3,0.269,7.7,0,0
3.39,-1.0,1,18,1,0.264,20.5,1,0
1.57,-1.0,1,35,6,0.531,48.3,0,0
3.28,193.0,0,38,5,0.352,10.1,0,0
5.19,160.0,0,35,3,0.699,12.5,1,1
9.0,-1.0,1,21,2,0.666,0.8,1,1
6.89,394.0,0,46,4,0.761,0.9,1,1
8.82,249.0,0,25,2,0.505,13.5,1,0
3.53,892.0,0,30,3,0.12,44.5,1,1
3.05,750.0,0,30,1,0.441,14.1,1,1
9.41,-1.0,1,18,4,0.469,16.4,1,0
1.78,173.0,0,30,3,0.453,32.1,1,1
2.35,445.0,0,20,3,0.303,16.4,0,1
6.88,337.0,0,42,1,0.336,24.7,0,0
1.04,717.0,0,28,6,0.534,26.3,1,0
4.52,442.0,0,19,3,0.105,10.6,1,0
17.21,262.0,0,34,2,0.564,4.4,1,1
26.56,840.0,0,47,3,0.209,35.7,1,1
4.5,386.0,0,34,1,0.88,44.2,0,1
3.78,777.0,0,26,0,0.639,0.2,1,1
2.12,405.0,0,31,5,0.232,29.3,0,0
12.47,410.0,0,31,1,0.251,6.5,1,0
12.63,522.0,0,28,5,0.367,8.5,1,1
1.44,370.0,0,29,4,0.802,9.0,1,1
6.5,673.0,0,39,2,0.418,24.5,1,0
1.94,97.0,0,35,3,0.396,2.7,1,1
16.19,505.0,0,18,2,0.351,0.7,0,0
0.02,407.0,0,38,3,0.743,19.0,1,1
4.55,600.0,0,18,2,0.893,51.0,0,1
1.75,450.0,0,18,2,0.311,14.1,0,0
9.82,741.0,0,32,4,0.48,62.5,0,0
1.75,-1.0,1,33,4,0.849,13.5,1,0
4.18,619.0,0,28,4,0.558,7.4,0,1
2.89,189.0,0,37,5,0.478,16.0,1,1
7.61,820.0,0,30,3,0.44,48.9,1,1
18.47,860.0,0,32,4,0.8,9.9,1,1
4.92,484.0,0,25,3,0.454,61.3,1,1
12.06,575.0,0,21,5,0.566,22.0,1,0
0.04,482.0,0,34,3,0.21,157.3,1,0
11.23,774.0,0,19,3,0.163,57.2,0,0
3.04,234.0,0,19,2,0.581,10.7,1,0
3.29,854.0,0,47,5,0.933,32.7,1,1
2.19,-1.0,1,42,5,0.554,32.8,1,1
4.39,-1.0,1,25,2,0.232,4.0,0,0
15.23,580.0,0,31,2,0.583,19.4,0,0
22.64,478.0,0,18,2,0.163,2.1,1,0
0.22,637.0,0,27,7,0.646,21.7,1,0
8.26,186.0,0,30,4,0.831,9.1,1,1
5.83,-1.0,1,33,4,0.125,18.1,0,0
10.55,378.0,0,36,1,0.322,17.3,1,1
12.35,480.0,0,32,2,0.104,2.4,1,0
16.59,-1.0,1,20,5,0.28,16.4,1,1
6.43,799.0,0,24,5,0.385,10.8,1,1
2.22,768.0,0,35,1,0.531,9.5,1,1
3.37,105.0,0,39,2,0.727,2.7,1,1
14.07,494.0,0,37,2,0.418,12.8,1,0
8.22,569.0,0,23,2,0.527,20.3,1,0
2.24,217.0,0,52,3,0.267,15.2,1,1
24.68,208.0,0,23,2,0.692,74.9,1,0
0.94,337.0,0,24,4,0.765,47.5,1,1
7.57,-1.0,1,26,5,0.505,15.4,1,0
5.2,604.0,0,46,2,0.199,4.5,0,0
0.73,612.0,0,29,2,0.098,19.2,0,0
0.22,134.0,0,20,4,0.33,23.8,1,1
6.25,111.0,0,36,1,0.152,18.3,0,0
11.76,893.0,0,24,3,0.506,33.6,1,1
5.34,103.0,0,39,3,0.095,12.5,1,1
4.04,727.0,0,37,7,0.525,11.8,1,0
12.16,-1.0,1,37,2,0.565,49.0,1,0
7.8,-1.0,1,18,6,0.548,63.0,1,1
0.79,260.0,0,18,2,0.206,10.4,1,0
2.75,570.0,0,38,2,0.644,2.5,1,1
4.79,-1.0,1,19,4,0.863,53.7,0,0
2.54,899.0,0,34,2,0.755,27.8,1,1
16.77,884.0,0,36,2,0.631,19.3,1,0
3.22,228.0,0,42,3,0.486,19.8,1,0
4.59,592.0,0,31,2,0.625,37.5,1,0
2.46,-1.0,1,33,3,0.347,47.4,1,1
7.83,363.0,0,30,3,0.557,31.5,1,1
11.06,-1.0,1,52,1,0.122,6.8,1,0
5.4,859.0,0,35,3,0.401,74.6,1,1
9.31,-1.0,1,18,3,0.772,2.0,0,0
9.39,557.0,0,36,8,0.481,31.8,0,0
3.68,608.0,0,20,5,0.442,56.8,1,1
0.48,-1.0,1,35,1,0.732,43.3,1,1
10.46,-1.0,1,18,3,0.423,31.8,1,0
3.76,159.0,0,48,4,0.729,39.2,0,0
4.09,422.0,0,28,2,0.868,13.8,0,0
22.01,335.0,0,26,2,0.897,49.3,1,0
0.92,605.0,0,31,1,0.283,2.3,1,0
2.91,199.0,0,44,2,0.755,84.2,0,0
22.81,629.0,0,21,1,0.21,18.1,1,1
3.21,654.0,0,29,3,0.514,6.9,1,1
0.48,815.0,0,43,3,0.32,35.8,1,0
1.53,596.0,0,46,3,0.348,66.6,1,1
3.05,749.0,0,29,0,0.441,3.4,1,1
4.98,664.0,0,32,7,0.131,38.6,1,1
16.56,732.0,0,24,4,0.216,18.7,0,0
2.32,752.0,0,41,6,0.477,6.6,1,1
2.22,412.0,0,22,0,0.554,26.6,1,0
4.52,-1.0,1,25,2,0.25,15.3,1,1
19.91,220.0,0,45,1,0.787,7.4,1,0
17.01,558.0,0,29,6,0.157,31.4,0,0
8.68,140.0,0,39,0,0.531,46.3,1,0
9.03,154.0,0,42,5,0.164,15.7,1,1
9.0,671.0,0,30,1,0.398,7.3,1,0
0.29,468.0,0,24,2,0.414,66.0,1,0
0.01,760.0,0,24,2,0.776,4.7,1,1
1.63,514.0,0,42,2,0.556,43.3,1,0
4.28,756.0,0,34,4,0.246,3.5,1,0
4.69,847.0,0,45,4,0.909,100.5,1,1
1.43,292.0,0,34,1,0.594,38.3,0,0
0.59,228.0,0,35,3,0.636,7.7,1,1
1.51,316.0,0,36,2,0.704,85.1,1,0
5.56,450.0,0,20,5,0.635,15.4,1,1
28.14,821.0,0,34,2,0.532,9.8,1,0
1.47,401.0,0,35,3,0.622,4.6,0,0
1.01,160.0,0,23,4,0.477,7.4,0,0
0.7,-1.0,1,31,5,0.49,59.0,0,0
3.75,657.0,0,53,3,0.554,75.0,1,0
4.25,137.0,0,39,4,0.398,34.4,1,1
1.33,651.0,0,55,5,0.457,37.5,1,0
3.4,844.0,0,29,4,0.402,6.5,1,1
4.58,542.0,0,33,2,0.675,110.3,1,0
9.36,-1.0,1,25,2,0.623,8.7,1,1
4.63,-1.0,1,37,2,0.168,13.5,1,0
12.73,229.0,0,37,2,0.403,21.8,1,1
1.48,863.0,0,33,2,0.103,14.7,1,0
2.78,854.0,0,37,2,0.421,7.1,1,0
1.92,334.0,0,50,2,0.461,5.1,0,1
0.53,-1.0,1,32,5,0.412,33.6,1,1
1.91,583.0,0,24,1,0.766,46.2,1,1
1.11,634.0,0,20,2,0.371,9.1,0,0
8.0,428.0,0,36,2,0.475,50.2,0,1
9.56,390.0,0,35,3,0.262,25.2,1,1
8.95,-1.0,1,18,2,0.153,30.3,0,0
3.47,757.0,0,18,3,0.146,120.6,1,0
0.47,776.0,0,33,7,0.37,45.0,1,1
4.39,549.0,0,44,5,0.62,36.3,1,0
4.51,202.0,0,34,2,0.783,80.0,1,0
0.01,161.0,0,20,1,0.206,20.6,1,0
3.36,768.0,0,30,2,0.513,8.5,0,0
32.44,244.0,0,27,0,0.418,44.6,0,0
0.67,-1.0,1,38,1,0.846,1.6,1,1
0.58,285.0,0,24,4,0.364,2.2,1,1
15.95,-1.0,1,38,2,0.861,7.7,1,0
15.33,205.0,0,36,5,0.527,17.5,1,0
0.7,211.0,0,37,2,0.213,56.9,1,0
4.38,398.0,0,33,6,0.462,9.7,1,0
2.69,640.0,0,26,2,0.355,5.5,1,1
2.55,674.0,0,19,2,0.431,21.1,0,0
4.39,652.0,0,44,5,0.839,5.0,1,1
6.26,100.0,0,27,1,0.312,14.3,1,0
7.68,507.0,0,33,1,0.482,5.1,0,0
4.77,227.0,0,40,6,0.608,12.5,1,0
1.81,619.0,0,39,1,0.181,159.1,1,1
0.5,465.0,0,34,1,0.534,74.1,1,1
2.63,136.0,0,36,1,0.707,38.6,0,1
0.98,835.0,0,18,5,0.192,1.2,1,1
24.54,95.0,0,36,3,0.773,9.6,1,0
2.63,535.0,0,38,1,0.679,28.5,1,1
4.13,626.0,0,24,2,0.275,26.4,1,1
0.89,457.0,0,31,5,0.609,12.2,0,0
0.66,280.0,0,24,5,0.175,16.8,1,1
0.86,817.0,0,33,2,0.736,28.9,0,0
1.37,-1.0,1,30,2,0.803,17.3,0,0
2.13,517.0,0,30,1,0.415,4.2,1,1
2.71,144.0,0,35,2,0.31,19.9,1,0
0.49,821.0,0,49,3,0.405,83.4,1,1
4.53,142.0,0,41,4,0.616,14.0,1,1
8.81,402.0,0,41,2,0.751,16.5,0,1
13.28,-1.0,1,34,3,0.223,21.2,1,0
3.93,171.0,0,27,0,0.183,20.0,0,1
6.37,-1.0,1,26,5,0.286,7.1,0,0
0.51,93.0,0,41,4,0.72,5.7,1,1
5.74,484.0,0,46,4,0.605,6.8,0,0
6.51,211.0,0,37,7,0.137,44.7,0,1
0.86,696.0,0,55,3,0.334,41.5,1,0
11.26,461.0,0,40,8,0.334,95.2,1,1
15.92,-1.0,1,31,5,0.849,56.2,1,1
2.29,444.0,0,51,2,0.458,53.1,0,0
10.13,776.0,0,33,3,0.904,30.9,0,0
11.1,-1.0,1,31,2,0.747,47.3,1,1
11.15,596.0,0,34,2,0.2,23.5,0,0
2.9,820.0,0,24,3,0.412,92.0,1,1
1.17,736.0,0,41,3,0.267,17.2,1,0
0.95,580.0,0,36,0,0.653,27.9,0,1
16.83,237.0,0,19,3,0.66,51.6,0,0
7.63,869.0,0,20,3,0.921,82.8,1,0
5.81,-1.0,1,36,4,0.108,3.7,1,1
1.32,293.0,0,29,1,0.544,12.9,0,0
5.21,139.0,0,40,5,0.218,8.6,0,0
7.73,631.0,0,18,2,0.378,56.4,1,1
13.35,533.0,0,36,6,0.572,32.8,0,1
1.74,504.0,0,23,4,0.38,47.3,1,0
3.52,410.0,0,20,1,0.602,10.4,1,0
1.99,221.0,0,23,0,0.891,18.9,1,1
0.3,545.0,0,30,3,0.414,21.4,1,1
6.06,307.0,0,37,2,0.915,3.9,0,1
14.39,881.0,0,38,4,0.603,22.6,1,1
1.47,737.0,0,47,2,0.25,46.7,1,1
11.9,472.0,0,38,7,0.811,68.0,1,1
0.85,629.0,0,31,6,0.355,11.8,1,1
1.65,646.0,0,18,3,0.49,26.2,1,0
1.75,277.0,0,18,1,0.961,102.4,1,0
0.0,377.0,0,39,1,0.426,10.0,1,1
1.21,-1.0,1,25,4,0.589,24.8,1,1
1.74,370.0,0,48,3,0.692,2.0,0,1
4.06,-1.0,1,19,1,0.715,41.7,0,0
1.68,-1.0,1,22,5,0.397,13.3,1,1
0.27,370.0,0,22,2,0.452,11.9,0,0
4.67,628.0,0,37,5,0.055,1.3,0,0
1.4,257.0,0,21,3,0.325,40.7,0,0
1.14,242.0,0,25,2,0.273,3.7,0,0
0.02,538.0,0,44,3,0.194,3.7,1,0
3.47,863.0,0,40,4,0.626,4.4,1,1
1.04,736.0,0,36,3,0.388,5.3,1,1
4.66,169.0,0,34,2,0.518,68.8,0,0
3.34,769.0,0,23,3,0.187,5.3,1,0
0.96,277.0,0,27,2,0.35,27.7,0,1
5.73,408.0,0,37,2,0.234,10.6,0,0
2.21,532.0,0,40,6,0.274,7.0,1,0
12.78,-1.0,1,42,4,0.732,5.7,0,0
7.69,550.0,0,20,2,0.384,9.8,0,0
5.65,94.0,0,45,2,0.733,7.0,1,0
2.77,-1.0,1,31,5,0.152,23.8,1,1
0.46,131.0,0,19,5,0.523,74.4,0,0
21.69,629.0,0,25,7,0.667,31.1,1,1
0.4,-1.0,1,28,3,0.502,29.9,1,1
4.63,666.0,0,18,3,0.611,33.3,1,0
7.85,494.0,0,21,2,0.576,43.3,0,0
2.4,636.0,0,51,2,0.636,10.3,0,0
4.78,514.0,0,18,1,0.047,33.3,1,0
17.67,598.0,0,32,3,0.816,25.8,1,0
1.3,786.0,0,42,2,0.69,45.0,1,1
32.11,294.0,0,18,3,0.45,16.1,0,0
1.67,248.0,0,29,4,0.304,17.7,1,1
4.77,685.0,0,34,6,0.589,4.7,0,1
12.57,101.0,0,34,5,0.296,34.7,1,0
5.85,555.0,0,30,2,0.929,88.7,1,1
6.77,232.0,0,18,3,0.275,40.7,1,0
10.34,142.0,0,18,5,0.644,32.5,0,1
11.44,510.0,0,25,0,0.47,0.7,1,1
12.57,391.0,0,31,2,0.126,16.3,1,0
2.16,651.0,0,29,4,0.444,11.9,1,1
2.72,642.0,0,32,3,0.554,28.2,1,0
1.03,322.0,0,24,0,0.382,10.1,1,1
3.26,493.0,0,42,0,0.508,38.6,0,0
19.11,-1.0,1,23,1,0.419,4.9,1,1
5.18,595.0,0,18,4,0.239,17.7,0,0
7.33,-1.0,1,28,4,0.286,2.2,1,1
17.58,599.0,0,23,3,0.521,4.1,1,0
6.27,249.0,0,33,5,0.57,8.2,1,1
8.86,434.0,0,33,4,0.944,5.1,1,1
1.44,726.0,0,34,2,0.315,15.3,0,0
0.31,208.0,0,19,4,0.384,19.6,0,1
0.03,374.0,0,32,4,0.187,4.0,1,0
4.46,444.0,0,44,3,0.608,18.7,1,1
7.87,447.0,0,41,4,0.239,20.0,1,0
11.35,864.0,0,21,3,0.519,24.1,1,0
16.84,121.0,0,31,2,0.559,12.8,1,0
1.36,633.0,0,39,3,0.559,32.6,1,1
3.19,758.0,0,49,3,0.129,3.2,0,0
1.61,890.0,0,51,5,0.533,85.0,0,0
6.31,337.0,0,33,4,0.078,2.8,1,1
0.83,256.0,0,19,1,0.771,2.0,1,0
1.85,141.0,0,33,0,0.778,18.1,1,1
5.43,478.0,0,20,4,0.346,6.6,1,0
4.96,847.0,0,42,2,0.545,3.4,1,1
0.99,603.0,0,40,3,0.73,25.0,1,1
9.16,336.0,0,39,1,0.687,19.8,1,1
4.9,282.0,0,37,4,0.429,7.7,1,0
1.47,734.0,0,20,3,0.31,71.1,0,1
3.87,-1.0,1,44,5,0.486,14.1,0,0
1.79,827.0,0,39,3,0.592,13.9,1,1
0.37,574.0,0,45,5,0.501,52.2,1,0
9.3,266.0,0,33,5,0.195,6.3,1,0
19.0,704.0,0,30,4,0.467,8.7,0,1
0.02,435.0,0,40,1,0.393,44.1,1,0
6.76,276.0,0,18,1,0.638,23.4,1,0
3.61,721.0,0,28,1,0.479,5.7,1,1
0.65,581.0,0,46,3,0.664,51.1,1,1
13.88,138.0,0,25,2,0.48,21.5,1,0
1.38,773.0,0,43,4,0.556,28.1,1,0
1.1,231.0,0,23,6,0.064,56.3,0,0
0.9,-1.0,1,36,2,0.349,27.8,1,1
0.3,361.0,0,29,1,0.183,3.8,1,1
0.61,249.0,0,25,0,0.294,62.3,1,0
4.75,585.0,0,46,10,0.567,4.1,1,1
3.15,-1.0,1,22,0,0.145,22.2,0,0
13.35,197.0,0,25,3,0.408,58.8,1,0
3.28,315.0,0,44,2,0.698,7.7,0,1
1.1,-1.0,1,34,5,0.167,22.9,1,0
6.61,461.0,0,26,3,0.455,7.9,1,1
0.91,753.0,0,42,2,0.906,40.6,0,0
2.76,398.0,0,25,3,0.185,4.4,0,1
22.42,337.0,0,52,3,0.769,4.0,1,1
5.79,606.0,0,20,1,0.163,8.5,1,0
1.27,861.0,0,43,5,0.439,2.3,0,0
0.29,-1.0,1,33,1,0.226,67.5,1,0
1.31,519.0,0,27,1,0.15,1.3,0,0
18.99,420.0,0,31,2,0.763,7.3,1,1
0.66,361.0,0,37,4,0.52,16.6,1,1
4.04,762.0,0,42,2,0.428,22.5,1,0
9.05,244.0,0,43,3,0.489,9.3,1,1
8.71,238.0,0,33,3,0.487,10.0,0,0
22.29,308.0,0,33,3,0.099,57.1,1,1
15.27,386.0,0,31,2,0.651,33.5,1,1
13.12,142.0,0,40,3,0.714,0.9,1,1
16.82,434.0,0,22,2,0.141,14.0,0,0
3.16,321.0,0,18,2,0.544,86.7,1,0
9.66,282.0,0,20,5,0.656,11.0,1,1
0.29,682.0,0,42,5,0.234,9.4,1,1
1.44,202.0,0,30,2,0.231,18.0,0,0
1.6,825.0,0,25,1,0.782,13.1,0,1
3.74,90.0,0,34,2,0.361,22.3,0,0
4.29,734.0,0,27,0,0.196,7.6,1,1
0.77,877.0,0,27,3,0.74,23.9,1,1
3.8,-1.0,1,35,1,0.523,30.6,1,1
2.09,355.0,0,39,2,0.802,40.5,1,0
5.53,126.0,0,22,5,0.135,15.0,1,1
10.71,638.0,0,26,2,0.329,96.1,1,0
11.84,335.0,0,29,7,0.421,0.8,1,1
8.83,439.0,0,29,4,0.845,47.5,1,0
11.7,890.0,0,18,4,0.503,13.4,1,1
2.95,365.0,0,38,4,0.962,3.7,0,0
1.05,-1.0,1,41,1,0.58,91.4,1,0
7.96,187.0,0,34,2,0.5,8.7,1,0
8.17,760.0,0,24,4,0.084,0.2,1,1
5.36,90.0,0,27,6,0.75,14.5,1,1
4.7,297.0,0,18,1,0.363,78.6,1,0
5.71,396.0,0,41,1,0.461,2.2,1,0
8.28,716.0,0,33,4,0.698,64.7,1,1
4.65,810.0,0,30,5,0.226,3.2,1,1
2.76,238.0,0,39,3,0.069,11.4,1,0
6.45,192.0,0,40,4,0.357,18.4,0,1
0.45,700.0,0,35,2,0.173,118.9,0,0
12.55,162.0,0,47,5,0.251,8.8,1,0
18.65,873.0,0,41,0,0.851,10.7,1,1
29.23,647.0,0,18,4,0.521,25.1,1,1
5.58,310.0,0,50,2,0.474,48.6,1,0
4.02,139.0,0,33,5,0.309,20.3,1,0
6.62,498.0,0,31,2,0.799,26.3,1,0
13.3,619.0,0,21,1,0.233,46.3,0,0
2.45,394.0,0,30,0,0.183,43.0,0,0
3.44,372.0,0,28,1,0.76,22.7,1,1
0.43,-1.0,1,18,4,0.43,48.8,0,0
24.38,863.0,0,18,2,0.354,16.2,1,1
4.2,-1.0,1,35,0,0.947,17.7,1,1
2.87,765.0,0,31,3,0.101,4.2,0,0
1.73,94.0,0,31,1,0.54,50.6,0,1
4.61,526.0,0,38,3,0.019,28.2,1,0
1.57,787.0,0,49,3,0.737,24.7,0,0
1.29,718.0,0,26,2,0.435,51.3,1,0
8.58,467.0,0,47,7,0.796,9.0,1,1
18.69,437.0,0,31,3,0.423,22.2,1,0
5.21,91.0,0,41,3,0.259,9.3,1,1
4.74,499.0,0,20,1,0.181,13.4,0,0
2.38,133.0,0,41,2,0.196,9.8,1,0
8.31,313.0,0,29,7,0.33,4.3,1,0
2.86,192.0,0,26,2,0.274,40.0,1,0
3.64,489.0,0,21,4,0.959,63.7,0,1
1.98,-1.0,1,18,4,0.723,22.8,1,1
2.55,774.0,0,18,5,0.594,42.9,0,0
3.68,-1.0,1,33,2,0.931,16.0,1,1
3.97,-1.0,1,30,5,0.818,12.5,0,1
10.83,322.0,0,33,2,0.58,33.1,0,0
9.95,196.0,0,22,4,0.533,70.4,1,1
4.91,268.0,0,28,2,0.344,3.7,0,0
2.3,248.0,0,40,2,0.583,5.3,1,1
19.99,797.0,0,34,3,0.29,4.7,1,1
2.16,101.0,0,55,1,0.774,27.8,1,1
5.6,-1.0,1,37,3,0.43,36.1,0,0
2.75,762.0,0,33,6,0.374,17.9,1,1
6.21,262.0,0,39,1,0.581,8.1,1,1
3.32,871.0,0,46,2,0.615,14.7,0,0
5.58,608.0,0,29,8,0.462,0.3,1,1
12.54,788.0,0,29,3,0.348,60.8,1,0
1.26,-1.0,1,19,4,0.64,24.1,1,1
2.38,-1.0,1,32,2,0.305,19.3,0,0
4.35,867.0,0,36,4,0.643,1.0,1,1
13.25,379.0,0,44,6,0.5,20.2,0,0
5.55,-1.0,1,40,3,0.671,37.8,0,0
1.22,627.0,0,51,0,0.637,29.8,0,1
3.65,240.0,0,35,2,0.474,65.5,1,1
9.55,427.0,0,32,5,0.588,25.8,1,0
0.5,875.0,0,27,2,0.61,8.0,1,1
1.39,314.0,0,44,5,0.616,22.3,1,0
14.46,349.0,0,21,3,0.917,6.9,1,1
4.05,701.0,0,35,5,0.47,6.4,1,1
0.03,453.0,0,41,1,0.628,52.9,0,0
8.39,-1.0,1,29,4,0.679,13.2,0,0
8.69,506.0,0,35,3,0.111,5.5,1,1
1.16,534.0,0,18,8,0.789,30.1,1,1
3.09,147.0,0,47,2,0.361,16.4,0,0
2.04,657.0,0,37,3,0.692,13.4,0,1
2.51,149.0,0,46,2,0.274,42.1,1,1
4.58,751.0,0,37,3,0.591,65.2,1,1
2.81,-1.0,1,28,4,0.14,63.5,1,0
0.09,444.0,0,32,2,0.492,1.4,0,1
22.75,603.0,0,18,4,0.821,41.1,1,1
13.51,349.0,0,29,6,0.474,18.0,1,1
5.65,169.0,0,32,1,0.64,36.4,1,1
5.37,180.0,0,34,4,0.818,1.3,1,1
5.59,349.0,0,55,4,0.381,15.9,1,1
6.15,856.0,0,34,4,0.392,22.3,0,0
2.48,590.0,0,33,0,0.262,4.8,1,1
12.83,365.0,0,33,9,0.367,3.4,1,0
6.19,637.0,0,21,1,0.5,2.0,1,1
0.53,-1.0,1,31,0,0.201,29.4,1,0
9.05,277.0,0,41,2,0.199,50.1,1,0
6.2,687.0,0,30,5,0.245,10.0,0,1
1.81,805.0,0,27,3,0.144,58.2,1,0
6.82,121.0,0,22,3,0.861,44.5,0,1
17.99,874.0,0,18,7,0.066,18.2,0,0
17.37,-1.0,1,29,2,0.653,31.2,1,1
6.58,-1.0,1,33,5,0.817,21.8,0,1
0.65,105.0,0,25,2,0.235,3.2,1,0
1.26,403.0,0,27,3,0.471,19.0,1,1
0.69,234.0,0,37,3,0.316,49.3,1,1
5.13,799.0,0,45,5,0.334,3.2,1,0
1.02,848.0,0,20,3,0.286,7.5,0,0
23.09,294.0,0,36,7,0.75,20.7,1,1
8.79,832.0,0,29,3,0.834,2.2,1,1
7.93,586.0,0,43,4,0.227,161.0,1,0
16.57,-1.0,1,28,3,0.236,7.6,0,0
0.18,678.0,0,25,3,0.108,14.9,1,1
1.43,364.0,0,47,2,0.735,30.3,1,1
20.23,725.0,0,31,1,0.441,18.0,1,1
8.89,438.0,0,19,3,0.532,6.9,1,0
6.08,484.0,0,19,1,0.464,68.2,1,0
2.48,-1.0,1,23,6,0.498,2.5,1,1
15.11,-1.0,1,30,2,0.333,3.4,0,1
4.39,659.0,0,35,1,0.381,3.9,1,0
4.2,485.0,0,34,1,0.196,21.7,1,1
4.31,448.0,0,33,3,0.195,19.1,0,0
2.22,120.0,0,42,2,0.833,5.2,0,0
1.67,460.0,0,33,7,0.616,17.3,0,0
1.23,-1.0,1,43,7,0.109,19.6,1,0
1.61,857.0,0,27,2,0.563,42.1,1,0
7.06,782.0,0,24,5,0.47,61.1,1,0
1.26,369.0,0,31,6,0.738,10.1,1,0
1.77,879.0,0,18,3,0.308,3.3,0,0
6.92,540.0,0,22,4,0.763,42.2,1,1
1.93,302.0,0,27,4,0.273,59.8,1,0
7.23,734.0,0,45,5,0.638,28.8,0,0
1.32,812.0,0,36,5,0.693,3.4,1,0
8.72,610.0,0,38,3,0.227,11.7,0,0
3.24,416.0,0,61,3,0.274,7.9,1,0
2.46,-1.0,1,35,5,0.724,14.3,1,1
6.15,663.0,0,26,1,0.389,5.2,1,1
2.22,881.0,0,36,1,0.64,20.7,0,1
6.87,829.0,0,22,6,0.108,4.0,1,1
10.05,858.0,0,28,3,0.823,2.7,1,1
2.5,-1.0,1,27,2,0.511,17.9,0,0
1.18,798.0,0,45,4,0.298,6.8,1,1
17.6,701.0,0,39,0,0.538,36.7,1,0
1.66,809.0,0,32,5,0.266,142.4,0,0
6.46,727.0,0,30,3,0.537,20.5,1,0
1.71,572.0,0,38,2,0.303,26.7,1,0
17.55,701.0,0,22,1,0.15,2.3,0,0
2.64,859.0,0,28,7,0.231,7.7,1,0
4.98,-1.0,1,31,4,0.578,17.9,1,0
7.76,255.0,0,31,4,0.26,4.6,0,0
2.41,579.0,0,23,3,0.251,37.2,0,0
2.09,792.0,0,45,1,0.634,39.1,1,1
12.4,557.0,0,18,1,0.295,69.3,1,0
7.36,626.0,0,35,3,0.256,45.4,1,1
1.37,195.0,0,51,3,0.838,41.2,1,1
11.89,780.0,0,18,2,0.321,13.9,1,0
3.47,114.0,0,27,1,0.499,27.5,0,0
5.74,-1.0,1,42,6,0.213,4.8,0,0
3.62,709.0,0,39,4,0.818,29.0,1,1
5.51,-1.0,1,48,7,0.33,36.4,1,0
0.55,167.0,0,35,1,0.481,127.8,1,0
9.54,442.0,0,28,7,0.494,27.8,1,1
5.35,461.0,0,36,2,0.491,103.5,1,0
7.91,615.0,0,26,2,0.159,8.2,1,1
4.35,734.0,0,27,5,0.741,14.2,1,1
0.63,863.0,0,30,3,0.932,1.6,0,1
0.69,277.0,0,36,1,0.118,4.2,1,0
2.48,819.0,0,46,1,0.452,3.0,1,1
9.75,-1.0,1,43,4,0.616,7.4,1,1
1.84,349.0,0,24,3,0.457,19.7,1,1
15.86,400.0,0,22,1,0.59,52.8,1,1
6.6,104.0,0,45,3,0.825,27.2,1,1
6.53,651.0,0,32,2,0.919,43.8,1,1
11.66,183.0,0,20,3,0.396,17.2,1,1
20.04,411.0,0,36,4,0.797,23.3,1,1
4.34,656.0,0,25,2,0.487,31.2,0,0
0.94,691.0,0,32,1,0.335,56.7,0,1
9.93,878.0,0,30,1,0.368,13.8,1,0
1.0,515.0,0,31,3,0.78,82.2,1,0
3.61,457.0,0,33,3,0.62,36.3,1,1
3.17,734.0,0,20,4,0.339,22.4,1,1
14.47,202.0,0,57,2,0.838,102.8,1,0
6.56,478.0,0,40,5,0.382,14.7,1,1
1.73,393.0,0,31,3,0.577,4.1,1,0
5.73,391.0,0,40,2,0.565,6.1,0,0
3.49,642.0,0,42,1,0.147,57.9,0,0
14.19,620.0,0,23,1,0.052,11.8,1,1
1.83,272.0,0,20,1,0.632,29.6,1,1
6.1,156.0,0,33,2,0.892,44.6,1,1
1.52,853.0,0,45,3,0.3,11.8,1,1
14.28,196.0,0,33,4,0.096,44.7,1,0
3.58,208.0,0,41,4,0.858,1.0,0,1
1.78,604.0,0,54,2,0.889,44.3,1,1
3.46,145.0,0,51,3,0.766,30.7,0,1
2.46,859.0,0,30,2,0.446,23.8,0,0
1.51,282.0,0,42,2,0.371,30.4,1,1
2.5,728.0,0,25,3,0.449,5.7,1,1
0.78,677.0,0,27,5,0.77,0.7,1,1
27.83,674.0,0,31,2,0.267,10.4,1,0
2.05,427.0,0,40,0,0.431,68.8,1,0
8.48,660.0,0,21,1,0.298,58.3,1,0
0.1,523.0,0,26,2,0.39,6.1,0,0
3.44,798.0,0,24,3,0.943,40.6,0,1
1.06,663.0,0,52,3,0.267,36.7,1,1
4.27,299.0,0,43,3,0.314,0.8,0,1
14.12,306.0,0,19,2,0.44,38.2,1,0
1.92,848.0,0,43,6,0.314,36.0,1,0
3.21,505.0,0,45,2,0.593,18.6,1,1
5.46,713.0,0,26,1,0.68,53.6,1,0
4.19,90.0,0,24,5,0.743,34.5,0,0
21.66,521.0,0,24,0,0.512,5.8,1,0
5.94,868.0,0,22,3,0.343,45.7,0,0
1.11,-1.0,1,22,4,0.516,6.1,1,0
2.57,451.0,0,41,1,0.455,93.9,1,0
2.58,-1.0,1,22,3,0.249,45.6,0,0
3.37,779.0,0,23,3,0.652,7.5,0,0
5.65,-1.0,1,38,3,0.733,15.6,0,0
3.96,571.0,0,39,4,0.44,96.8,1,0
8.33,725.0,0,18,5,0.591,4.6,1,0
3.23,327.0,0,23,1,0.262,4.6,1,1
4.4,-1.0,1,35,3,0.101,32.5,1,0
2.77,204.0,0,34,4,0.541,36.0,1,1
2.53,796.0,0,28,1,0.847,21.7,1,0
11.63,266.0,0,51,5,0.339,30.6,1,1
0.08,524.0,0,56,3,0.359,40.5,0,0
5.0,-1.0,1,39,2,0.679,27.5,1,0
9.44,267.0,0,33,1,0.381,4.3,1,0
9.54,613.0,0,18,1,0.404,13.0,1,0
9.5,599.0,0,36,3,0.409,23.1,1,0
0.52,385.0,0,18,3,0.71,0.8,0,0
1.51,211.0,0,34,3,0.35,12.4,1,1
2.9,324.0,0,33,2,0.692,1.6,0,1
3.1,376.0,0,34,3,0.219,25.1,0,1
5.51,617.0,0,28,3,0.964,35.4,1,1
2.56,139.0,0,37,4,0.565,8.5,1,1
1.3,446.0,0,60,2,0.456,16.0,0,0
8.2,233.0,0,45,2,0.559,9.6,1,1
4.2,-1.0,1,38,1,0.173,0.2,1,0
13.09,768.0,0,35,4,0.552,3.8,1,1
4.69,334.0,0,28,5,0.571,35.3,1,1
7.75,471.0,0,30,4,0.358,112.3,1,0
2.39,742.0,0,34,2,0.128,30.0,1,0
0.23,844.0,0,33,4,0.8,11.4,1,1
4.71,278.0,0,40,5,0.425,19.0,1,0
0.35,799.0,0,48,2,0.532,41.9,1,1
4.27,171.0,0,32,2,0.365,32.8,1,1
9.09,379.0,0,37,0,0.349,53.9,1,0
0.75,532.0,0,21,6,0.819,7.1,0,0
1.94,259.0,0,18,2,0.699,26.9,1,1
1.88,599.0,0,29,3,0.732,55.9,1,0
0.4,883.0,0,29,1,0.324,8.7,1,1
0.88,444.0,0,41,3,0.13,17.5,0,0
8.03,775.0,0,24,6,0.154,17.9,1,1
5.28,-1.0,1,35,4,0.149,5.6,1,0
1.04,380.0,0,46,2,0.633,89.6,0,0
3.81,-1.0,1,21,1,0.536,1.8,0,1
4.5,-1.0,1,26,2,0.662,11.9,1,1
6.29,179.0,0,30,5,0.662,12.0,1,1
14.65,581.0,0,33,7,0.81,31.4,1,1
7.16,690.0,0,41,3,0.576,17.3,0,0
11.3,703.0,0,29,3,0.564,17.7,1,1
4.18,589.0,0,29,4,0.915,22.3,1,1
5.84,847.0,0,26,2,0.313,7.7,1,0
6.62,123.0,0,18,7,0.284,15.4,1,0
9.29,300.0,0,40,3,0.614,11.2,1,1
4.23,328.0,0,19,7,0.483,1.2,1,0
5.31,352.0,0,33,1,0.227,0.3,0,0
1.99,776.0,0,21,1,0.545,9.8,1,0
5.01,851.0,0,28,8,0.505,7.5,0,0
19.73,325.0,0,23,3,0.775,17.9,1,0
0.43,-1.0,1,42,1,0.603,0.1,1,0
13.06,133.0,0,30,3,0.776,50.2,1,1
7.74,667.0,0,27,4,0.543,10.1,1,1
8.22,773.0,0,18,4,0.271,33.9,0,0
4.94,-1.0,1,34,1,0.76,16.2,0,0
7.37,780.0,0,18,3,0.573,26.6,0,0
0.31,-1.0,1,37,4,0.599,66.2,0,0
6.52,296.0,0,31,4,0.51,22.2,1,0
6.59,610.0,0,31,3,0.839,84.2,1,1
6.1,115.0,0,42,2,0.601,12.1,1,1
31.19,505.0,0,29,3,0.525,34.3,1,0
6.42,-1.0,1,33,3,0.728,70.2,1,0
6.79,216.0,0,32,3,0.212,91.4,1,0
1.33,626.0,0,18,5,0.66,46.7,0,0
3.17,397.0,0,43,4,0.066,26.4,1,1
0.66,618.0,0,25,0,0.463,31.6,1,0
0.66,265.0,0,32,1,0.63,22.3,1,1
1.31,-1.0,1,30,6,0.603,71.4,1,0
0.64,155.0,0,49,7,0.193,1.4,0,0
1.94,249.0,0,27,2,0.57,14.6,1,1
10.9,830.0,0,30,4,0.368,0.3,0,1
11.05,507.0,0,20,1,0.896,0.7,1,1
2.44,-1.0,1,24,4,0.653,29.6,0,1
3.97,760.0,0,41,7,0.433,48.1,1,0
3.1,840.0,0,28,2,0.762,97.1,0,1
0.21,759.0,0,31,2,0.639,10.0,1,1
7.57,483.0,0,22,1,0.183,11.8,0,0
1.41,305.0,0,58,1,0.591,63.3,1,0
3.83,843.0,0,32,1,0.463,2.2,1,0
7.82,775.0,0,30,6,0.674,28.3,1,0
12.18,121.0,0,18,3,0.258,24.9,0,0
3.37,-1.0,1,33,6,0.306,6.5,0,0
0.96,884.0,0,27,3,0.554,13.3,1,1
5.45,627.0,0,19,3,0.352,0.3,0,0
1.69,469.0,0,33,2,0.953,26.5,0,1
4.56,761.0,0,24,2,0.645,32.9,1,0
11.67,214.0,0,25,4,0.684,35.9,1,1
2.2,310.0,0,29,3,0.255,51.4,1,0
9.48,372.0,0,21,7,0.546,7.7,1,0
0.66,890.0,0,36,5,0.645,14.8,1,1
0.33,612.0,0,18,7,0.591,34.4,1,0
1.75,412.0,0,24,5,0.366,26.1,0,0
12.76,309.0,0,45,2,0.754,32.7,1,0
9.41,584.0,0,25,3,0.668,10.6,1,1
3.05,96.0,0,22,3,0.796,0.6,1,1
5.2,100.0,0,30,3,0.568,42.8,1,1
11.78,780.0,0,39,4,0.705,13.9,1,0
8.83,726.0,0,40,2,0.64,82.2,1,0
8.49,612.0,0,44,2,0.959,57.4,1,1
5.97,335.0,0,36,4,0.605,46.1,1,0
1.72,764.0,0,30,3,0.602,13.8,1,1
2.59,454.0,0,18,5,0.683,13.0,1,1
8.53,146.0,0,33,2,0.409,39.2,1,1
6.05,254.0,0,24,4,0.644,56.7,1,1
6.16,645.0,0,22,6,0.779,23.2,0,1
14.04,-1.0,1,22,3,0.181,9.2,1,1
1.21,630.0,0,26,1,0.603,10.2,1,0
0.63,587.0,0,18,6,0.38,19.1,1,1
4.01,150.0,0,25,2,0.406,8.7,1,0
3.66,-1.0,1,18,1,0.523,1.6,0,0
1.93,450.0,0,47,5,0.621,10.8,0,0
4.46,614.0,0,33,0,0.692,6.3,1,1
0.56,256.0,0,40,2,0.621,16.2,0,0
6.57,740.0,0,47,2,0.354,34.7,1,0
2.9,693.0,0,21,1,0.7,38.9,1,0
19.22,233.0,0,18,2,0.261,0.3,1,1
5.41,-1.0,1,44,4,0.385,83.0,1,0
2.61,105.0,0,52,2,0.142,0.8,1,0
4.15,93.0,0,39,4,0.6,4.0,0,0
15.7,430.0,0,35,1,0.654,17.5,1,1
16.76,559.0,0,46,0,0.41,67.0,1,0
3.53,881.0,0,42,3,0.751,9.8,0,0
5.14,137.0,0,40,5,0.671,37.3,1,1
1.23,453.0,0,27,2,0.805,5.8,1,1
0.64,403.0,0,38,5,0.338,43.3,1,1
3.8,892.0,0,31,1,0.942,6.2,0,0
6.33,-1.0,1,38,3,0.511,42.5,1,0
14.97,147.0,0,35,4,0.19,11.7,1,1
24.18,110.0,0,47,6,0.663,109.4,1,0
19.12,-1.0,1,48,2,0.546,6.2,0,1
15.01,439.0,0,18,3,0.559,110.4,0,0
12.83,-1.0,1,19,4,0.601,7.3,1,0
3.44,493.0,0,33,3,0.44,5.2,1,0
2.48,510.0,0,29,1,0.385,154.4,0,0
1.48,717.0,0,39,4,0.798,3.2,1,1
5.9,697.0,0,18,7,0.629,0.4,0,0
3.34,346.0,0,41,6,0.779,24.1,0,0
2.8,523.0,0,54,2,0.582,16.5,1,1
4.68,872.0,0,39,1,0.873,26.8,1,1
2.71,181.0,0,38,2,0.495,17.3,1,1
4.52,-1.0,1,25,4,0.41,4.9,0,0
2.69,668.0,0,25,2,0.568,6.6,1,0
2.45,545.0,0,36,6,0.295,6.4,0,0
6.73,869.0,0,23,4,0.517,14.0,1,0
1.92,262.0,0,28,0,0.725,62.9,1,0
2.36,195.0,0,32,4,0.211,36.8,1,1
10.08,-1.0,1,30,7,0.975,9.8,1,0
3.17,340.0,0,40,2,0.63,19.9,0,0
11.08,-1.0,1,18,3,0.718,5.5,0,1
0.35,386.0,0,42,5,0.462,75.8,1,0
1.39,186.0,0,24,1,0.483,10.8,0,0
5.24,593.0,0,34,2,0.376,38.9,1,0
7.19,100.0,0,34,3,0.665,39.3,0,1
8.97,184.0,0,22,3,0.293,52.7,1,1
4.3,127.0,0,34,1,0.71,18.5,1,1
6.81,756.0,0,30,4,0.575,13.8,1,0
12.24,-1.0,1,32,4,0.724,42.7,1,1
0.05,399.0,0,21,2,0.316,5.3,1,0
4.33,-1.0,1,19,1,0.35,4.3,1,1
0.97,398.0,0,22,5,0.694,6.1,1,0
3.57,722.0,0,28,1,0.586,27.7,0,0
0.71,565.0,0,45,3,0.457,42.7,0,0
2.59,-1.0,1,18,6,0.276,37.4,1,0
29.73,425.0,0,41,2,0.646,58.3,0,0
0.78,495.0,0,40,1,0.32,20.1,0,0
7.4,257.0,0,27,1,0.124,15.1,1,1
7.52,417.0,0,18,1,0.528,30.8,1,0
4.14,843.0,0,32,7,0.28,23.4,1,1
10.56,581.0,0,38,6,0.572,2.5,1,1
1.09,892.0,0,25,2,0.434,8.0,1,1
1.15,893.0,0,28,2,0.757,16.8,1,1
9.77,791.0,0,32,4,0.449,23.0,1,1
4.72,226.0,0,25,5,0.232,5.5,1,0
5.7,-1.0,1,20,4,0.583,2.1,0,1
13.37,-1.0,1,39,4,0.494,31.0,1,1
0.03,525.0,0,45,5,0.841,6.7,1,1
2.48,375.0,0,32,3,0.737,52.1,1,1
6.27,697.0,0,27,8,0.284,0.1,0,1
4.77,700.0,0,23,4,0.439,11.7,1,1
3.81,-1.0,1,23,3,0.353,41.8,1,1
0.16,116.0,0,29,2,0.944,22.7,1,1
1.82,110.0,0,54,0,0.538,0.3,1,0
0.05,173.0,0,27,1,0.57,15.5,0,1
6.54,276.0,0,24,5,0.767,10.6,0,0
2.39,189.0,0,20,7,0.804,0.1,0,0
15.36,567.0,0,18,5,0.443,6.0,1,0
6.64,690.0,0,28,1,0.881,29.2,0,0
1.2,864.0,0,24,1,0.102,8.2,0,0
1.1,392.0,0,18,2,0.495,57.4,1,1
31.28,532.0,0,18,2,0.533,4.8,1,0
6.63,812.0,0,20,2,0.41,9.5,1,1
2.41,-1.0,1,26,5,0.424,8.8,1,1
2.71,898.0,0,38,3,0.242,4.8,1,1
9.64,488.0,0,37,3,0.489,13.5,1,1
7.63,887.0,0,23,4,0.437,9.4,0,1
1.12,403.0,0,28,8,0.809,11.2,1,1
9.29,184.0,0,40,2,0.648,2.8,1,1
11.45,672.0,0,35,3,0.765,5.3,1,1
6.54,455.0,0,24,4,0.291,22.7,1,0
6.3,-1.0,1,22,3,0.521,9.3,0,1
0.16,157.0,0,24,3,0.423,19.1,1,0
2.51,347.0,0,51,2,0.782,38.3,1,0
25.01,572.0,0,31,2,0.753,10.5,0,1
9.5,250.0,0,26,5,0.493,19.8,0,1
6.04,270.0,0,24,3,0.021,15.2,1,0
11.98,879.0,0,39,3,0.348,1.6,0,1
0.8,589.0,0,30,2,0.722,47.6,1,0
1.84,672.0,0,39,1,0.753,11.7,1,1
2.8,256.0,0,30,7,0.452,70.8,0,0
0.59,326.0,0,23,2,0.674,29.6,0,0
1.06,-1.0,1,32,5,0.517,47.5,1,1
0.68,-1.0,1,31,2,0.791,47.4,1,0
2.56,397.0,0,38,1,0.279,25.2,1,1
20.08,187.0,0,20,3,0.475,41.6,1,0
0.08,854.0,0,38,1,0.224,23.1,0,0
1.49,-1.0,1,52,3,0.338,30.1,0,0
1.3,720.0,0,25,6,0.62,24.7,1,0
6.49,772.0,0,36,3,0.738,13.1,1,0
8.17,618.0,0,18,0,0.511,41.1,1,0
2.1,467.0,0,18,2,0.61,11.6,0,0
3.52,-1.0,1,31,1,0.552,14.3,1,1
5.96,781.0,0,37,4,0.491,11.6,1,0
9.26,608.0,0,25,4,0.542,3.3,1,1
0.97,700.0,0,38,3,0.31,34.9,1,0
8.49,175.0,0,30,2,0.541,10.4,1,1
2.9,487.0,0,35,4,0.826,2.7,1,1
6.41,674.0,0,46,1,0.435,54.6,1,0
5.3,416.0,0,34,5,0.421,17.2,1,1
1.64,470.0,0,34,7,0.539,65.3,1,1
16.02,334.0,0,20,4,0.719,0.2,1,1
12.73,606.0,0,34,3,0.379,29.6,1,0
3.7,334.0,0,39,2,0.623,6.9,1,1
0.29,857.0,0,22,6,0.425,9.3,1,1
9.03,464.0,0,27,2,0.092,50.7,0,0
2.73,137.0,0,39,2,0.528,38.8,1,1
0.22,230.0,0,31,2,0.655,25.1,1,1
4.15,593.0,0,21,3,0.627,13.0,1,1
11.39,213.0,0,26,4,0.674,19.6,1,1
9.99,-1.0,1,18,0,0.457,31.9,1,0
4.35,-1.0,1,22,1,0.655,72.5,1,1
1.25,-1.0,1,27,4,0.408,12.2,1,1
6.71,204.0,0,22,6,0.523,119.1,0,0
7.78,281.0,0,31,2,0.446,85.4,1,1
2.86,438.0,0,18,3,0.718,27.4,1,1
3.77,743.0,0,38,6,0.949,22.6,0,0
1.48,721.0,0,40,6,0.509,15.1,1,1
0.07,431.0,0,33,4,0.785,11.0,1,0
0.21,648.0,0,33,1,0.372,4.6,1,0
5.88,405.0,0,25,4,0.501,4.2,1,0
0.59,539.0,0,24,0,0.476,1.2,1,0
0.08,520.0,0,25,1,0.381,56.8,0,0
9.38,-1.0,1,38,0,0.18,26.2,0,0
1.35,332.0,0,21,4,0.45,6.8,1,1
11.22,470.0,0,31,3,0.757,52.9,0,0
0.55,318.0,0,39,4,0.754,1.1,1,1
2.53,-1.0,1,18,6,0.576,50.5,1,0
10.25,-1.0,1,49,2,0.365,70.2,1,1
2.48,774.0,0,34,3,0.663,6.5,1,1
5.34,806.0,0,26,6,0.772,11.9,1,0
10.35,266.0,0,48,2,0.79,36.0,0,0
12.45,702.0,0,19,4,0.662,100.0,0,0
0.62,183.0,0,28,5,0.376,29.4,1,1
8.84,201.0,0,38,1,0.063,27.9,0,0
0.36,238.0,0,28,4,0.655,12.1,1,1
4.64,654.0,0,27,2,0.104,8.8,0,1
0.12,387.0,0,28,4,0.827,51.7,1,1
4.29,-1.0,1,33,4,0.715,0.4,1,1
1.58,182.0,0,18,4,0.534,11.3,1,1
6.35,258.0,0,48,4,0.74,2.5,1,1
1.63,577.0,0,39,3,0.651,6.3,1,1
2.11,721.0,0,21,1,0.759,16.9,0,1
0.47,621.0,0,40,1,0.63,6.4,1,1
1.32,-1.0,1,44,5,0.501,5.5,0,1
6.65,740.0,0,24,5,0.515,10.2,1,0
18.86,-1.0,1,29,1,0.228,16.4,1,0
4.01,633.0,0,25,3,0.12,26.4,0,0
20.37,267.0,0,50,2,0.42,9.1,1,0
0.18,695.0,0,35,3,0.792,58.0,1,1
0.86,-1.0,1,49,7,0.734,117.1,0,0
0.76,486.0,0,25,3,0.322,19.9,1,1
6.02,129.0,0,43,4,0.261,5.4,1,1
9.06,-1.0,1,28,4,0.801,1.1,1,1
4.46,812.0,0,46,2,0.231,50.5,0,0
22.16,479.0,0,18,1,0.795,40.2,1,0
7.03,527.0,0,18,2,0.697,2.9,0,0
11.83,227.0,0,25,0,0.355,57.4,1,1
6.15,316.0,0,33,2,0.529,4.7,1,1
1.35,355.0,0,34,5,0.307,58.5,0,1
6.93,179.0,0,26,0,0.904,8.3,1,1
2.12,-1.0,1,31,4,0.321,7.8,1,0
5.91,225.0,0,52,2,0.776,2.5,1,1
2.63,143.0,0,37,1,0.412,4.8,1,1
3.37,624.0,0,27,2,0.35,9.6,1,1
3.63,487.0,0,27,5,0.392,22.9,1,0
10.77,597.0,0,46,5,0.388,25.2,1,0
7.74,-1.0,1,23,7,0.45,6.4,1,1
2.69,177.0,0,25,3,0.451,4.6,0,1
20.54,609.0,0,26,1,0.525,39.5,1,0
3.68,580.0,0,35,3,0.725,40.6,1,1
5.44,675.0,0,18,3,0.756,24.5,1,1
8.91,-1.0,1,36,7,0.693,6.5,1,0
9.43,691.0,0,31,1,0.74,66.3,0,0
7.52,554.0,0,36,4,0.587,18.5,1,1
3.06,463.0,0,26,2,0.35,6.0,1,1
20.04,796.0,0,23,1,0.333,72.0,1,0
3.73,898.0,0,18,1,0.345,3.4,1,1
4.6,209.0,0,29,3,0.33,24.1,1,0
12.33,179.0,0,18,2,0.19,19.3,1,1
0.77,282.0,0,18,4,0.17,4.1,1,1
1.33,149.0,0,24,1,0.714,10.6,0,1
5.7,541.0,0,31,6,0.903,26.1,1,1
3.7,117.0,0,26,6,0.59,24.8,1,1
0.6,-1.0,1,49,3,0.536,2.0,0,0
0.18,644.0,0,35,6,0.703,21.7,1,1
11.86,855.0,0,36,2,0.334,12.5,1,1
1.05,-1.0,1,31,2,0.556,13.8,0,0
0.48,223.0,0,39,4,0.503,22.5,1,0
0.38,-1.0,1,30,3,0.444,4.3,1,0
3.54,460.0,0,28,3,0.405,2.6,0,1
0.47,729.0,0,26,5,0.416,20.7,1,1
7.62,598.0,0,31,2,0.435,5.3,1,1
1.36,793.0,0,41,4,0.466,25.2,0,0
4.79,569.0,0,37,3,0.208,12.7,0,0
4.23,828.0,0,44,3,0.697,60.8,0,0
3.22,637.0,0,32,3,0.711,15.4,1,1
8.07,445.0,0,35,3,0.426,50.3,1,1
7.25,269.0,0,18,3,0.317,19.7,0,0
4.22,352.0,0,29,4,0.639,4.6,0,0
0.43,871.0,0,33,5,0.389,1.3,0,0
4.57,162.0,0,31,4,0.539,0.4,1,1
4.53,591.0,0,32,2,0.303,8.4,1,1
0.88,744.0,0,27,1,0.757,1.2,0,1
4.49,508.0,0,23,2,0.327,2.7,0,0
7.63,877.0,0,19,5,0.316,7.2,1,0
5.81,717.0,0,35,5,0.726,66.7,0,0
12.88,875.0,0,29,2,0.652,2.2,1,1
5.67,336.0,0,43,0,0.154,45.9,0,0
17.43,380.0,0,33,4,0.617,18.9,1,1
1.83,283.0,0,24,0,0.747,5.5,0,1
13.73,506.0,0,33,2,0.35,2.4,0,0
7.18,360.0,0,23,4,0.418,19.5,1,0
1.77,416.0,0,18,1,0.486,4.4,1,1
12.11,736.0,0,18,0,0.248,68.0,1,1
2.74,843.0,0,34,3,0.195,11.1,1,0
2.38,-1.0,1,40,2,0.511,5.2,1,0
28.67,450.0,0,51,8,0.677,10.9,0,1
4.64,636.0,0,51,5,0.527,41.2,1,1
10.01,475.0,0,47,3,0.231,0.3,1,1
4.43,-1.0,1,18,3,0.325,16.5,1,1
8.68,303.0,0,28,0,0.893,58.9,1,1
0.75,-1.0,1,18,0,0.63,3.0,0,0
4.86,-1.0,1,42,4,0.419,3.2,1,1
3.51,893.0,0,30,3,0.714,4.3,1,1
15.57,-1.0,1,30,5,0.227,27.3,1,0
0.95,188.0,0,37,2,0.786,31.1,1,0
0.06,694.0,0,49,2,0.749,5.8,1,0
0.23,827.0,0,19,2,0.45,64.8,1,1
0.16,877.0,0,52,5,0.279,4.8,0,0
3.08,147.0,0,36,4,0.507,5.6,0,0
10.99,814.0,0,28,1,0.397,24.5,1,1
18.1,725.0,0,30,1,0.358,13.3,1,0
7.89,655.0,0,35,3,0.478,74.8,1,1
11.5,279.0,0,28,7,0.213,50.9,0,0
4.07,265.0,0,36,1,0.262,28.4,1,0
9.92,630.0,0,35,4,0.669,6.9,1,1
0.45,567.0,0,39,4,0.6,35.4,1,1
17.36,-1.0,1,47,4,0.422,3.4,1,0
10.88,350.0,0,61,4,0.284,13.9,1,0
3.14,163.0,0,41,3,0.445,44.7,1,1
1.89,594.0,0,31,5,0.882,27.9,1,1
0.35,418.0,0,25,1,0.285,14.4,1,0
4.15,793.0,0,18,7,0.863,7.3,1,1
1.17,311.0,0,18,1,0.673,5.7,1,0
1.25,-1.0,1,30,2,0.727,53.2,1,1
13.2,417.0,0,62,2,0.264,2.2,0,0
5.57,868.0,0,45,4,0.971,6.9,1,1
8.18,555.0,0,29,2,0.339,15.9,1,1
14.96,-1.0,1,27,2,0.609,22.3,1,1
4.78,493.0,0,24,2,0.412,2.8,1,0
3.28,698.0,0,45,1,0.447,24.9,1,1
5.76,439.0,0,46,1,0.46,27.8,1,1
11.31,620.0,0,44,1,0.359,21.9,1,1
13.72,287.0,0,43,5,0.338,8.8,1,1
2.78,91.0,0,22,2,0.819,13.7,1,1
21.74,565.0,0,39,3,0.09,22.7,0,0
6.79,161.0,0,29,2,0.809,8.3,1,0
5.05,696.0,0,32,2,0.394,6.6,0,1
0.23,240.0,0,35,3,0.39,14.7,0,0
0.52,368.0,0,20,5,0.491,22.1,0,0
10.17,859.0,0,43,4,0.46,2.0,0,0
0.89,704.0,0,31,1,0.471,36.6,1,1
1.44,224.0,0,18,2,0.612,33.4,0,1
12.22,478.0,0,46,3,0.823,56.5,1,1
1.56,873.0,0,21,1,0.278,3.0,1,1
19.69,664.0,0,31,3,0.302,1.5,0,0
8.39,534.0,0,31,5,0.231,11.0,1,1
12.28,765.0,0,38,3,0.087,21.9,1,0
9.58,302.0,0,26,5,0.832,19.1,1,1
11.19,473.0,0,18,2,0.595,13.0,0,0
3.03,-1.0,1,37,2,0.195,20.3,1,0
12.75,373.0,0,25,5,0.355,3.4,1,0
3.15,91.0,0,22,1,0.354,1.6,1,1
3.5,636.0,0,41,2,0.759,17.5,1,1
2.2,-1.0,1,42,6,0.323,33.5,1,0
0.55,-1.0,1,30,1,0.494,22.1,0,0
3.71,831.0,0,42,4,0.583,0.1,0,0
4.3,253.0,0,29,5,0.647,6.4,1,1
1.51,643.0,0,29,3,0.334,31.1,1,0
1.59,482.0,0,43,4,0.344,20.1,1,0
7.53,-1.0,1,28,1,0.607,71.6,0,0
24.67,453.0,0,23,3,0.401,4.0,1,0
15.36,242.0,0,26,5,0.452,10.3,1,1
3.16,303.0,0,34,4,0.407,6.5,1,0
2.81,561.0,0,29,6,0.653,2.9,0,0
0.77,858.0,0,33,3,0.613,7.6,1,0
2.04,722.0,0,34,7,0.233,33.0,1,1
0.02,322.0,0,23,6,0.563,15.4,1,0
2.95,746.0,0,27,2,0.566,1.7,0,0
5.7,-1.0,1,29,3,0.89,24.6,1,1
20.72,305.0,0,30,1,0.295,32.0,1,0
6.09,472.0,0,29,2,0.722,43.1,0,0
8.7,237.0,0,20,3,0.544,59.4,1,1
1.58,452.0,0,26,3,0.224,4.8,1,0
1.21,-1.0,1,29,3,0.317,25.5,1,0
0.78,362.0,0,26,2,0.971,32.5,1,1
5.22,528.0,0,41,4,0.213,79.5,1,0
8.45,347.0,0,27,3,0.489,20.3,1,1
5.35,535.0,0,36,5,0.876,16.0,1,1
2.36,403.0,0,37,3,0.556,0.7,1,1
7.63,-1.0,1,28,4,0.23,22.2,1,1
1.11,724.0,0,18,2,0.684,0.3,1,0
4.27,239.0,0,32,5,0.585,22.7,1,1
3.53,845.0,0,33,4,0.598,9.1,1,0
5.35,394.0,0,30,3,0.675,39.8,0,1
6.19,510.0,0,24,3,0.169,15.1,0,0
4.09,-1.0,1,29,4,0.374,50.5,1,0
3.31,719.0,0,27,2,0.77,1.6,0,1
3.88,116.0,0,45,2,0.448,18.4,1,0
4.23,301.0,0,37,0,0.939,4.3,1,1
1.6,314.0,0,35,0,0.513,8.4,0,1
3.6,561.0,0,22,2,0.645,28.7,1,0
4.41,539.0,0,35,6,0.651,19.5,1,1
4.36,-1.0,1,39,8,0.228,11.2,0,0
13.42,645.0,0,45,3,0.449,9.3,1,0
11.34,-1.0,1,52,1,0.193,32.9,1,0
9.31,465.0,0,24,4,0.501,14.3,1,0
8.6,769.0,0,45,5,0.55,28.4,1,1
17.58,168.0,0,18,1,0.416,17.6,0,0
8.29,-1.0,1,33,1,0.683,12.2,0,1
8.2,-1.0,1,30,2,0.668,26.6,1,1
1.89,686.0,0,20,1,0.077,34.7,1,1
2.89,570.0,0,43,3,0.471,11.0,1,1
4.33,-1.0,1,29,5,0.521,29.1,1,1
6.53,852.0,0,50,1,0.414,9.1,0,0
2.06,118.0,0,23,4,0.506,3.2,1,0
0.15,752.0,0,22,6,0.464,40.1,1,0
3.04,889.0,0,38,4,0.42,6.0,1,1
32.88,205.0,0,21,6,0.349,47.5,1,0
6.64,208.0,0,37,3,0.961,1.2,1,1
3.97,559.0,0,29,6,0.201,6.1,1,1
1.94,682.0,0,21,2,0.382,46.6,1,1
6.37,653.0,0,37,4,0.53,14.6,1,1
3.63,796.0,0,34,4,0.302,25.7,0,0
2.17,504.0,0,22,3,0.774,31.1,1,1
6.26,264.0,0,51,4,0.297,61.0,0,0
2.4,-1.0,1,37,3,0.19,22.5,1,1
0.22,207.0,0,31,3,0.185,11.1,1,0
10.94,837.0,0,35,0,0.283,23.2,1,1
0.91,161.0,0,31,2,0.743,7.3,1,1
3.04,-1.0,1,29,3,0.263,13.1,1,0
11.69,806.0,0,33,7,0.067,13.8,1,0
2.87,95.0,0,30,4,0.317,32.6,0,0
1.02,551.0,0,30,3,0.294,44.0,0,1
5.94,749.0,0,43,6,0.25,5.6,1,0
7.23,303.0,0,31,1,0.148,1.8,0,0
0.21,766.0,0,21,3,0.368,41.8,1,1
4.16,834.0,0,18,3,0.428,13.6,1,1
0.35,170.0,0,40,2,0.501,18.7,1,0
2.6,184.0,0,23,3,0.707,14.9,1,1
2.99,125.0,0,22,0,0.667,3.5,0,0
11.23,108.0,0,47,4,0.85,14.3,1,1
1.87,385.0,0,32,2,0.427,29.7,1,1
3.05,768.0,0,19,4,0.588,19.8,1,1
4.2,194.0,0,44,2,0.741,14.3,1,1
0.59,276.0,0,52,3,0.812,10.0,1,1
7.59,-1.0,1,62,3,0.475,59.1,1,0
2.01,110.0,0,26,4,0.841,45.9,1,0
3.78,265.0,0,18,2,0.61,40.0,1,0
9.46,654.0,0,27,3,0.652,25.6,0,0
5.54,712.0,0,25,3,0.791,10.9,1,0
4.28,508.0,0,33,5,0.45,36.8,1,1
1.6,422.0,0,19,3,0.296,14.4,1,0
5.39,881.0,0,44,2,0.177,19.9,0,0
9.31,402.0,0,35,1,0.7,56.5,0,0
0.45,610.0,0,26,6,0.424,6.3,0,1
5.1,696.0,0,33,3,0.363,33.7,1,0
2.0,401.0,0,32,2,0.627,12.9,1,0
2.2,-1.0,1,34,1,0.707,27.0,0,1
0.04,395.0,0,30,6,0.718,1.4,1,1
16.78,663.0,0,59,6,0.459,1.2,1,0
0.85,194.0,0,34,7,0.502,8.0,1,1
1.49,766.0,0,24,2,0.573,6.4,0,0
0.0,249.0,0,41,1,0.769,12.4,1,1
5.03,396.0,0,34,4,0.909,40.5,1,0
10.49,-1.0,1,29,2,0.549,2.9,1,0
0.02,384.0,0,31,5,0.417,39.7,1,0
2.4,857.0,0,31,3,0.706,11.6,0,0
16.38,718.0,0,23,1,0.638,6.3,1,0
6.32,133.0,0,23,3,0.755,8.4,1,1
0.42,830.0,0,38,2,0.748,65.5,0,1
0.24,104.0,0,21,1,0.291,1.0,1,1
6.26,894.0,0,31,1,0.289,7.1,1,1
10.34,190.0,0,25,4,0.787,6.7,1,0
4.77,262.0,0,45,1,0.752,34.1,1,1
4.37,888.0,0,38,5,0.238,13.3,0,1
5.66,564.0,0,39,5,0.76,7.5,1,0
0.59,785.0,0,31,3,0.092,13.5,0,1
0.19,473.0,0,34,6,0.197,19.6,1,1
2.68,800.0,0,46,6,0.408,54.9,1,0
0.94,608.0,0,20,2,0.629,10.4,1,1
0.48,332.0,0,19,3,0.361,0.9,1,0
14.13,518.0,0,18,5,0.777,50.1,0,0
0.4,673.0,0,40,5,0.279,22.2,1,1
1.52,489.0,0,26,3,0.326,46.1,1,0
9.3,559.0,0,20,3,0.408,44.5,1,0
0.83,-1.0,1,58,4,0.678,32.5,1,0
4.0,-1.0,1,25,2,0.257,1.3,1,1
0.49,685.0,0,36,4,0.624,8.2,0,1
6.07,241.0,0,28,2,0.559,64.7,1,1
0.88,701.0,0,18,4,0.205,0.4,1,1
0.41,96.0,0,32,0,0.507,92.2,0,1
10.82,393.0,0,25,3,0.819,108.7,1,0
1.91,485.0,0,30,2,0.537,0.9,0,1
0.63,700.0,0,49,4,0.622,37.2,1,1
7.03,593.0,0,45,1,0.636,33.4,1,0
4.38,616.0,0,26,6,0.677,38.0,1,0
1.43,325.0,0,23,4,0.17,20.2,1,1
1.25,626.0,0,25,1,0.654,20.4,1,1
0.87,729.0,0,29,4,0.525,19.3,0,1
1.01,209.0,0,23,3,0.289,23.7,1,0
2.71,-1.0,1,20,3,0.05,24.1,1,1
5.25,879.0,0,39,1,0.567,10.3,0,0
3.84,621.0,0,28,2,0.14,9.1,0,0
2.04,789.0,0,28,2,0.821,20.4,1,1
13.57,-1.0,1,28,2,0.181,17.2,1,0
9.61,834.0,0,53,5,0.517,13.2,1,1
12.0,172.0,0,26,5,0.16,6.5,1,1
4.91,313.0,0,18,2,0.473,7.0,0,0
3.71,272.0,0,55,3,0.438,36.7,1,1
4.45,-1.0,1,29,1,0.678,19.9,1,0
0.65,189.0,0,22,3,0.177,15.2,1,1
2.09,-1.0,1,52,6,0.428,7.4,0,1
12.45,128.0,0,32,2,0.419,9.1,1,0
9.65,857.0,0,36,3,0.349,17.3,1,0
9.95,736.0,0,34,3,0.571,38.5,1,1
7.27,738.0,0,40,2,0.627,7.9,0,1
1.76,248.0,0,18,2,0.26,46.2,1,1
6.49,-1.0,1,44,1,0.21,77.8,0,0
4.35,240.0,0,18,2,0.867,9.8,1,1
4.83,128.0,0,22,1,0.804,5.5,1,1
9.17,366.0,0,40,3,0.711,2.6,1,1
4.67,174.0,0,35,5,0.211,29.6,1,0
11.42,-1.0,1,33,3,0.679,19.6,1,0
0.08,195.0,0,31,4,0.272,16.6,1,1
1.98,250.0,0,49,3,0.732,11.2,1,0
20.05,796.0,0,36,7,0.349,15.2,1,0
1.8,846.0,0,50,3,0.909,25.3,0,1
1.36,145.0,0,40,1,0.209,3.1,1,1
2.33,530.0,0,43,2,0.641,24.5,1,1
2.3,90.0,0,37,1,0.208,6.7,0,1
21.24,606.0,0,27,2,0.795,4.1,0,0
10.24,426.0,0,23,3,0.474,44.6,1,1
0.31,168.0,0,35,4,0.622,26.5,1,1
8.81,536.0,0,18,6,0.431,5.8,0,0
3.81,707.0,0,38,2,0.412,22.3,1,0
12.62,573.0,0,47,4,0.542,16.4,1,0
28.46,876.0,0,37,7,0.446,12.6,1,0
4.39,693.0,0,28,6,0.454,7.1,0,1
12.07,-1.0,1,23,4,0.412,32.8,0,0
2.58,270.0,0,36,3,0.205,4.5,1,1
0.25,835.0,0,24,7,0.348,34.3,1,0
3.29,-1.0,1,41,3,0.52,4.4,1,1
14.43,744.0,0,29,3,0.777,0.1,1,1
10.93,346.0,0,26,3,0.303,37.5,1,0
9.54,723.0,0,33,4,0.779,33.2,1,1
0.01,673.0,0,34,1,0.604,26.2,0,1
0.06,747.0,0,43,7,0.19,5.9,1,1
7.13,380.0,0,40,2,0.799,28.9,1,0
3.32,451.0,0,42,2,0.44,2.6,0,0
4.98,446.0,0,26,5,0.881,18.8,1,1
9.26,506.0,0,30,5,0.674,6.2,1,0
3.02,-1.0,1,18,1,0.666,100.0,1,0
6.42,179.0,0,43,2,0.659,4.3,1,1
2.35,170.0,0,18,3,0.603,31.3,1,1
2.69,-1.0,1,23,5,0.157,54.9,1,0
0.96,564.0,0,43,4,0.376,22.8,1,0
1.17,281.0,0,39,1,0.217,165.8,1,0
2.03,895.0,0,49,5,0.135,23.4,1,0
3.49,496.0,0,25,4,0.444,28.1,1,1
4.21,93.0,0,46,7,0.257,10.9,1,0
5.87,747.0,0,40,7,0.719,43.2,0,1
13.09,826.0,0,24,0,0.802,22.1,1,0
10.19,504.0,0,31,2,0.769,3.7,1,1
23.93,635.0,0,19,4,0.403,4.6,1,0
8.55,-1.0,1,45,1,0.933,27.7,1,1
5.43,177.0,0,31,6,0.658,18.3,1,0
3.45,125.0,0,46,3,0.734,8.7,1,1
5.5,146.0,0,37,0,0.468,7.6,1,1
0.54,835.0,0,32,1,0.472,5.9,1,1
0.46,241.0,0,31,5,0.075,72.1,0,1
4.79,222.0,0,26,0,0.222,23.1,0,0
3.41,137.0,0,37,3,0.74,6.6,0,0
3.33,-1.0,1,29,5,0.06,13.2,1,1
8.69,375.0,0,46,5,0.505,27.1,0,0
0.06,-1.0,1,33,1,0.535,40.1,1,1
1.91,665.0,0,34,2,0.243,8.0,1,0
18.27,814.0,0,18,2,0.913,2.1,0,0
9.97,94.0,0,27,5,0.604,24.3,0,1
7.33,574.0,0,19,3,0.482,2.8,1,0
2.69,631.0,0,35,3,0.119,77.2,1,0
5.8,807.0,0,40,1,0.191,21.2,1,1
2.51,-1.0,1,36,1,0.836,7.1,0,0
8.29,780.0,0,37,0,0.654,24.0,1,0
8.75,-1.0,1,42,6,0.378,8.1,0,0
8.83,-1.0,1,32,3,0.209,7.0,1,1
4.29,617.0,0,32,2,0.573,14.5,1,1
3.12,297.0,0,40,2,0.647,10.0,1,1
4.44,103.0,0,45,3,0.407,52.8,1,1
1.86,139.0,0,43,0,0.23,68.9,0,0
0.36,-1.0,1,28,1,0.153,8.8,1,0
3.03,226.0,0,38,4,0.405,23.7,1,1
22.14,349.0,0,32,5,0.243,6.0,1,0
1.1,704.0,0,31,4,0.423,8.3,1,1
1.05,-1.0,1,25,3,0.628,25.6,0,0
1.7,-1.0,1,38,5,0.456,17.4,1,1
3.8,844.0,0,41,1,0.386,8.9,1,0
0.79,188.0,0,29,3,0.356,15.1,1,1
2.86,131.0,0,23,1,0.124,26.4,0,0
3.1,-1.0,1,29,2,0.271,13.7,1,0
6.8,193.0,0,31,4,0.744,38.0,0,0
0.51,-1.0,1,24,2,0.546,3.6,1,0
0.02,115.0,0,39,1,0.214,26.2,1,0
6.77,220.0,0,36,5,0.436,26.6,0,0
4.49,-1.0,1,29,4,0.519,53.2,1,1
8.34,320.0,0,32,2,0.409,2.9,1,1
5.42,159.0,0,35,4,0.704,4.7,1,1
2.04,476.0,0,21,3,0.311,13.5,1,0
0.08,-1.0,1,21,3,0.462,38.2,1,1
1.55,-1.0,1,35,3,0.664,3.1,1,0
3.9,383.0,0,36,3,0.309,9.5,1,0
1.89,657.0,0,31,3,0.345,0.9,1,0
6.32,-1.0,1,31,3,0.715,51.3,1,0
0.84,551.0,0,26,0,0.289,12.0,1,1
0.17,293.0,0,31,2,0.559,13.8,1,1
3.05,-1.0,1,36,1,0.128,4.6,0,0
3.56,126.0,0,31,3,0.177,30.0,1,0
3.16,-1.0,1,39,2,0.404,1.1,1,1
0.39,374.0,0,31,2,0.388,86.2,0,0
4.84,-1.0,1,25,3,0.732,23.3,1,0
3.63,450.0,0,36,4,0.339,79.7,0,0
4.61,835.0,0,25,5,0.769,85.3,0,0
0.63,850.0,0,30,3,0.158,36.5,0,0
6.99,751.0,0,18,3,0.395,1.7,1,0
0.93,633.0,0,42,3,0.796,17.5,1,1
3.44,417.0,0,30,1,0.555,64.2,1,1
0.56,175.0,0,40,1,0.361,27.9,0,0
1.52,-1.0,1,33,6,0.325,11.2,0,0
10.58,441.0,0,19,2,0.518,7.4,1,1
2.53,706.0,0,32,4,0.509,9.0,1,1
1.59,319.0,0,21,2,0.327,35.9,1,0
1.19,614.0,0,31,1,0.426,28.1,0,0
13.8,707.0,0,43,0,0.575,4.8,0,1
4.36,96.0,0,34,3,0.786,34.3,1,1
1.74,727.0,0,37,1,0.558,56.4,1,1
5.52,891.0,0,33,3,0.769,8.7,1,0
9.08,239.0,0,29,3,0.293,21.4,1,0
9.29,579.0,0,21,2,0.275,1.9,1,0
0.25,395.0,0,18,2,0.414,16.3,1,1
8.94,405.0,0,19,2,0.689,24.4,1,0
9.7,673.0,0,42,3,0.279,58.7,1,0
1.14,751.0,0,36,3,0.639,0.8,0,1
2.17,-1.0,1,34,6,0.7,4.4,0,0
1.98,643.0,0,28,2,0.232,31.0,1,1
6.75,244.0,0,24,2,0.132,23.8,0,1
1.31,-1.0,1,45,5,0.285,20.6,1,1
0.66,694.0,0,30,4,0.356,34.2,1,1
8.25,204.0,0,21,3,0.807,9.8,1,0
13.83,121.0,0,18,3,0.162,24.1,1,1
2.14,853.0,0,39,3,0.864,27.1,1,0
9.38,238.0,0,27,4,0.604,16.2,1,1
4.36,241.0,0,33,3,0.822,41.5,1,1
2.13,161.0,0,65,2,0.512,4.2,1,1
23.07,739.0,0,18,0,0.436,98.3,0,0
11.71,116.0,0,18,5,0.195,75.9,1,0
9.98,168.0,0,35,6,0.73,6.7,1,1
3.41,296.0,0,32,4,0.557,20.3,1,1
7.38,316.0,0,52,3,0.632,2.8,1,1
6.02,-1.0,1,25,5,0.165,2.1,0,0
0.11,462.0,0,32,2,0.323,8.0,1,0
1.57,893.0,0,34,6,0.389,0.2,1,1
0.38,-1.0,1,48,3,0.367,6.5,1,1
12.62,295.0,0,28,4,0.7,2.2,1,0
3.34,728.0,0,35,6,0.213,2.1,0,1
7.11,876.0,0,26,3,0.497,0.2,0,0
0.89,361.0,0,18,6,0.723,16.6,0,1
5.42,790.0,0,43,1,0.104,68.0,1,1
5.96,518.0,0,36,2,0.852,77.2,0,0
1.07,612.0,0,29,0,0.645,16.7,0,0
9.76,380.0,0,34,1,0.433,6.5,0,1
1.48,686.0,0,18,4,0.668,14.6,1,0
9.85,885.0,0,26,1,0.47,42.9,1,0
5.12,-1.0,1,18,2,0.864,18.3,1,1
1.58,823.0,0,40,4,0.438,67.7,1,1
17.06,660.0,0,18,2,0.271,6.8,0,0
8.94,-1.0,1,41,2,0.091,37.3,1,1
8.87,-1.0,1,29,2,0.658,27.3,1,1
8.02,719.0,0,29,1,0.684,57.1,0,0
0.04,352.0,0,18,3,0.795,45.9,1,1
1.96,556.0,0,39,4,0.119,18.6,1,0
0.55,124.0,0,31,0,0.809,48.6,1,0
6.9,-1.0,1,43,2,0.538,35.3,1,1
1.32,443.0,0,31,2,0.139,19.8,1,0
3.37,117.0,0,52,6,0.695,32.2,0,1
1.47,312.0,0,23,2,0.465,21.3,0,0
0.69,760.0,0,43,3,0.87,1.9,0,0
3.96,-1.0,1,35,4,0.949,9.6,1,1
8.82,100.0,0,44,1,0.857,34.8,0,1
4.03,730.0,0,24,2,0.234,0.6,1,1
2.36,289.0,0,20,4,0.48,9.3,1,1
16.15,-1.0,1,36,4,0.818,2.8,1,1
0.78,589.0,0,45,8,0.265,2.4,1,1
0.8,438.0,0,48,5,0.714,27.6,1,0
9.56,343.0,0,26,3,0.568,23.7,1,1
13.32,171.0,0,25,2,0.96,21.2,1,1
2.53,-1.0,1,30,5,0.101,7.1,1,0
4.2,299.0,0,26,2,0.305,2.9,1,1
17.52,-1.0,1,27,4,0.401,7.0,0,0
0.9,158.0,0,36,4,0.396,17.7,1,1
15.84,-1.0,1,33,5,0.189,4.0,1,0
12.23,-1.0,1,33,3,0.583,30.4,0,1
1.59,158.0,0,26,1,0.351,19.4,1,0
7.27,583.0,0,46,4,0.68,40.0,1,0
3.61,176.0,0,39,3,0.406,41.4,1,1
3.37,156.0,0,25,2,0.582,30.1,1,1
5.15,730.0,0,28,2,0.398,2.7,0,1
26.85,652.0,0,63,5,0.543,87.5,1,0
20.21,212.0,0,38,4,0.605,40.3,1,1
1.88,124.0,0,27,2,0.819,10.0,0,0
4.72,703.0,0,33,4,0.8,25.4,1,1
14.61,454.0,0,36,2,0.252,8.2,0,0
5.95,348.0,0,34,2,0.455,1.6,1,1
6.08,878.0,0,37,2,0.559,11.1,0,0
1.54,-1.0,1,45,2,0.661,108.8,0,0
4.21,740.0,0,27,3,0.58,6.3,0,1
1.68,577.0,0,38,1,0.187,40.8,1,0
0.72,444.0,0,18,5,0.838,18.0,1,1
1.13,852.0,0,36,3,0.336,0.9,1,1
5.5,143.0,0,30,1,0.356,14.9,1,0
7.97,-1.0,1,30,0,0.366,26.5,1,1
3.7,413.0,0,27,4,0.403,3.5,0,0
16.62,-1.0,1,29,0,0.565,40.5,1,0
9.55,202.0,0,29,7,0.873,21.9,0,1
1.45,318.0,0,30,2,0.666,12.3,1,0
0.86,554.0,0,25,5,0.636,23.6,1,0
28.0,187.0,0,25,5,0.581,19.3,1,0
6.75,-1.0,1,18,3,0.209,2.0,1,0
2.65,676.0,0,40,1,0.961,26.7,0,0
9.16,571.0,0,29,3,0.211,25.9,0,0
7.45,506.0,0,29,1,0.376,18.6,0,0
7.09,737.0,0,27,2,0.548,10.0,1,1
0.98,335.0,0,29,1,0.456,12.1,1,1
4.58,862.0,0,23,2,0.743,18.6,1,1
8.39,801.0,0,31,4,0.633,32.0,1,1
6.48,610.0,0,22,4,0.278,2.1,1,0
3.54,245.0,0,27,5,0.226,33.4,1,0
0.13,549.0,0,20,3,0.471,2.7,0,1
0.81,779.0,0,23,1,0.724,37.4,1,1
0.13,695.0,0,41,4,0.19,10.4,1,0
7.15,848.0,0,34,3,0.177,18.2,1,1
27.48,604.0,0,42,0,0.295,9.3,0,0
2.26,-1.0,1,48,1,0.407,26.8,1,0
7.75,445.0,0,54,1,0.379,6.6,0,0
4.13,377.0,0,41,6,0.466,23.7,1,1
6.5,682.0,0,25,3,0.631,11.9,0,0
4.08,731.0,0,47,1,0.73,0.6,1,0
2.93,683.0,0,30,0,0.535,20.1,1,0
6.85,637.0,0,41,5,0.828,10.8,1,1
2.1,476.0,0,18,4,0.474,62.9,0,0
1.4,721.0,0,40,0,0.435,15.1,1,0
3.66,375.0,0,27,2,0.354,88.8,0,0
0.05,-1.0,1,38,4,0.587,58.2,1,1
7.91,389.0,0,37,1,0.055,1.6,1,1
0.47,346.0,0,18,2,0.513,23.7,0,1
0.15,719.0,0,50,1,0.934,9.4,0,1
4.57,383.0,0,25,1,0.698,106.5,1,0
1.71,474.0,0,18,4,0.181,1.9,1,1
5.38,768.0,0,42,2,0.356,20.7,1,1
9.7,828.0,0,21,3,0.49,26.3,1,0
4.12,-1.0,1,23,1,0.825,29.7,1,1
7.0,371.0,0,36,5,0.635,9.6,1,0
1.81,350.0,0,41,2,0.408,5.6,1,1
4.48,245.0,0,26,6,0.119,24.6,1,1
14.53,415.0,0,28,1,0.039,61.8,1,0
0.96,-1.0,1,20,1,0.839,1.1,0,0
4.51,573.0,0,47,1,0.529,21.2,0,1
9.71,-1.0,1,39,2,0.841,25.4,0,0
14.08,649.0,0,24,6,0.745,17.8,1,1
0.54,619.0,0,35,3,0.343,51.1,1,1
5.38,645.0,0,24,3,0.512,5.8,1,1
9.12,531.0,0,45,0,0.061,16.5,1,1
7.01,509.0,0,33,1,0.223,8.6,1,1
8.73,520.0,0,50,2,0.681,12.5,1,0
1.74,221.0,0,44,6,0.354,59.0,1,1
12.75,550.0,0,37,2,0.115,13.7,1,0
2.46,331.0,0,45,2,0.725,9.3,1,0
2.03,280.0,0,34,6,0.125,50.8,1,1
7.02,684.0,0,40,1,0.9,83.4,0,0
0.95,778.0,0,29,0,0.332,10.4,1,0
0.18,736.0,0,30,3,0.482,22.3,1,1
0.96,714.0,0,36,3,0.725,23.8,0,1
3.59,656.0,0,31,0,0.427,15.4,1,1
2.89,840.0,0,26,3,0.796,56.3,1,1
10.13,-1.0,1,29,3,0.571,4.3,1,1
10.93,144.0,0,29,2,0.772,10.6,1,1
1.79,549.0,0,23,6,0.771,16.1,0,0
1.43,157.0,0,19,0,0.129,22.4,1,1
3.25,317.0,0,18,5,0.9,86.5,1,0
11.59,237.0,0,48,2,0.293,27.1,1,1
12.55,456.0,0,40,3,0.703,3.6,0,1
24.82,-1.0,1,31,3,0.204,22.2,0,0
5.05,594.0,0,55,5,0.51,3.2,0,1
2.44,-1.0,1,18,3,0.339,21.6,1,0
1.71,864.0,0,22,6,0.45,33.7,1,0
3.33,204.0,0,44,1,0.253,0.7,1,0
1.85,475.0,0,18,4,0.256,30.6,1,0
0.2,499.0,0,18,5,0.281,18.3,0,0
3.09,140.0,0,23,2,0.705,7.1,0,0
0.94,-1.0,1,41,4,0.299,0.2,1,1
2.72,366.0,0,37,5,0.783,6.8,0,1
4.61,496.0,0,43,4,0.64,0.6,0,0
13.88,438.0,0,30,3,0.313,35.3,1,0
9.49,-1.0,1,25,4,0.437,29.2,1,1
5.28,495.0,0,40,8,0.623,15.3,1,1
10.43,200.0,0,40,3,0.088,1.2,0,0
0.91,886.0,0,33,1,0.787,96.1,0,0
0.8,620.0,0,20,3,0.869,31.4,0,1
9.56,-1.0,1,35,4,0.519,7.3,1,1
2.05,608.0,0,19,4,0.336,17.0,1,0
2.53,421.0,0,33,3,0.849,51.1,1,1
5.1,191.0,0,44,1,0.496,1.2,1,1
0.88,748.0,0,32,1,0.813,19.0,0,0
7.07,-1.0,1,33,2,0.604,23.8,0,0
0.76,855.0,0,41,5,0.471,38.7,1,0
13.29,291.0,0,33,4,0.537,38.3,0,1
19.67,-1.0,1,20,7,0.379,67.4,1,0
2.79,-1.0,1,36,2,0.5,7.2,1,0
2.07,541.0,0,36,2,0.569,34.3,0,0
1.69,658.0,0,35,3,0.253,16.8,1,1
2.26,283.0,0,37,2,0.703,33.9,1,0
0.67,783.0,0,33,0,0.671,3.4,1,1
1.49,871.0,0,54,6,0.24,11.9,0,0
4.83,483.0,0,23,2,0.689,14.3,0,0
12.33,147.0,0,35,2,0.652,1.0,1,0
5.23,397.0,0,35,3,0.243,11.7,1,0
